MedInc,HouseAge,AveRooms,AveBedrms,Population,AveOccup,Latitude,Longitude,MedHouseVal
3.5388,32.0,5.031390134529148,1.0448430493273542,557.0,2.497757847533632,33.63,-117.91,4.07
3.5192,9.0,8.747474747474747,1.8451178451178452,796.0,2.68013468013468,38.61,-120.44,0.98
7.0813,30.0,6.096774193548387,1.086021505376344,1197.0,3.217741935483871,37.3,-122.08,4.853
4.6477,36.0,5.570019723865878,0.9723865877712031,1394.0,2.749506903353057,33.86,-117.94,1.947
3.3565,26.0,4.169491525423729,1.059725585149314,2738.0,2.2098466505246166,33.82,-118.36,3.608
3.1875,5.0,5.3788927335640135,1.0968858131487889,1823.0,3.1539792387543253,33.24,-117.29,1.538
3.3182,35.0,3.9047619047619047,0.7891156462585034,610.0,4.149659863945578,33.91,-118.15,1.333
3.1779,41.0,4.394736842105263,1.0548245614035088,1658.0,3.6359649122807016,33.8,-118.26,1.711
5.8221,36.0,5.7913669064748206,1.0071942446043165,445.0,3.2014388489208634,37.56,-122.29,2.894
4.0,31.0,4.990521327014218,1.0900473933649288,686.0,3.251184834123223,33.95,-118.15,2.632
2.2863,5.0,4.106457242582897,1.0610820244328099,2505.0,4.371727748691099,36.6,-119.44,0.692
2.625,32.0,5.320284697508897,1.1850533807829182,905.0,3.2206405693950177,38.25,-121.76,2.125
6.4753,8.0,7.841584158415841,1.1683168316831682,615.0,3.0445544554455446,37.97,-121.81,1.668
3.2417,28.0,4.698717948717949,1.1842948717948718,1198.0,1.919871794871795,37.67,-122.07,2.108
3.2589,9.0,11.458507963118189,2.0561609388097235,2811.0,2.3562447611064545,37.84,-120.2,1.379
4.2407,40.0,5.6943620178041545,1.032640949554896,1851.0,2.7462908011869436,34.16,-117.99,2.62
1.625,38.0,4.052631578947368,1.0736842105263158,402.0,4.231578947368421,34.04,-118.17,1.297
2.0161,11.0,3.82312925170068,1.1156462585034013,504.0,3.4285714285714284,34.64,-120.46,1.188
3.2788,39.0,4.412751677852349,1.0268456375838926,1257.0,4.218120805369128,33.98,-118.21,1.69
6.0574,32.0,7.502923976608187,1.1345029239766082,485.0,2.8362573099415203,37.64,-121.97,4.31
5.1488,31.0,6.296296296296297,0.9753086419753086,1017.0,2.511111111111111,32.8,-117.07,1.81
4.775,24.0,5.560457516339869,1.0718954248366013,2829.0,4.622549019607843,37.29,-121.84,1.919
6.884,50.0,7.1035598705501615,1.087378640776699,878.0,2.841423948220065,34.18,-118.28,3.656
2.6678,34.0,5.076219512195122,1.1021341463414633,1592.0,2.426829268292683,32.77,-117.01,1.642
4.5486,32.0,5.525525525525525,0.9279279279279279,828.0,2.4864864864864864,34.63,-120.45,1.724
12.4291,34.0,9.666666666666666,1.1218637992831542,810.0,2.903225806451613,37.58,-122.37,5.00001
1.4886,15.0,3.104761904761905,1.1714285714285715,490.0,4.666666666666667,34.06,-118.26,1.75
2.0972,52.0,3.149812734082397,1.155430711610487,873.0,1.6348314606741574,32.73,-117.16,1.125
2.0643,14.0,4.2817567567567565,1.0763513513513514,3909.0,2.641216216216216,37.51,-120.84,1.065
1.6295,33.0,4.27208480565371,1.204946996466431,1097.0,3.8763250883392226,34.27,-118.42,1.343
3.0417,44.0,4.333333333333333,1.104417670682731,1249.0,5.016064257028113,34.04,-118.18,1.417
2.1583,39.0,4.720512820512821,1.0974358974358975,1368.0,3.5076923076923077,37.95,-121.26,0.62
12.5,7.0,4.444444444444445,0.7777777777777778,50.0,1.8518518518518519,37.64,-122.48,2.81
3.125,22.0,4.897009966777409,1.0564784053156147,2600.0,4.318936877076412,34.04,-117.75,1.136
6.0247,41.0,6.302816901408451,1.2711267605633803,540.0,1.9014084507042253,33.61,-117.89,5.00001
3.9531,17.0,5.505434782608695,1.0054347826086956,1297.0,2.3496376811594204,32.95,-117.05,1.786
2.5598,16.0,5.117808219178082,1.0424657534246575,1942.0,2.66027397260274,37.07,-120.83,1.202
3.2422,33.0,4.672199170124482,1.107883817427386,621.0,2.5767634854771786,32.74,-117.11,1.231
2.1198,21.0,5.404109589041096,0.9657534246575342,406.0,2.780821917808219,40.17,-120.37,0.735
3.3849,16.0,3.5700416088765605,1.0693481276005548,1129.0,1.565880721220527,32.79,-117.11,0.969
6.6657,26.0,7.2492012779552715,1.012779552715655,918.0,2.9329073482428116,37.82,-122.12,3.645
3.2326,21.0,4.506,1.16,1536.0,3.072,33.82,-118.0,2.047
2.1728,22.0,5.61609907120743,1.0588235294117647,941.0,2.913312693498452,39.41,-121.71,0.594
2.7284,24.0,4.897400820793433,1.0054719562243501,1959.0,2.679890560875513,38.27,-122.03,1.185
7.0712,24.0,7.589506172839506,0.9783950617283951,916.0,2.8271604938271606,37.77,-122.13,2.93
4.9028,14.0,6.372151898734177,1.008860759493671,2124.0,2.688607594936709,37.1,-121.63,3.35
2.3611,28.0,3.739622641509434,0.9622641509433962,1145.0,4.320754716981132,34.05,-118.02,1.67
2.4811,17.0,5.202401372212693,1.012006861063465,1319.0,2.262435677530017,39.21,-121.08,1.118
1.5313,29.0,5.808219178082192,1.0684931506849316,284.0,3.8904109589041096,36.1,-119.56,0.438
2.8871,22.0,7.232736572890025,1.5601023017902813,986.0,2.5217391304347827,39.61,-121.39,0.947
1.8625,40.0,2.4220532319391634,1.038022813688213,1150.0,4.3726235741444865,34.06,-118.26,1.313
4.4667,34.0,5.812375249500998,1.0379241516966067,1625.0,3.2435129740518964,33.79,-117.95,1.906
4.5208,19.0,5.485074626865671,1.1791044776119404,597.0,4.455223880597015,37.33,-121.85,1.881
15.0001,52.0,9.867036011080332,1.0914127423822715,1163.0,3.221606648199446,34.07,-118.41,5.00001
3.2663,19.0,3.6049129989764586,1.060388945752303,1820.0,1.8628454452405323,34.04,-118.46,3.375
6.7836,18.0,6.667910447761194,0.9402985074626866,1803.0,3.3638059701492535,37.24,-121.84,2.741
3.6848,33.0,4.819875776397516,0.9565217391304348,2288.0,2.8422360248447207,32.74,-117.04,1.407
4.05,33.0,5.556400506970849,0.9860583016476553,1775.0,2.249683143219265,38.74,-121.28,1.347
2.0625,39.0,5.837528604118993,1.102974828375286,1181.0,2.7025171624713957,39.52,-122.2,0.634
3.0943,10.0,5.51970802919708,1.0394160583941605,2044.0,2.983941605839416,34.53,-117.33,0.971
3.4167,36.0,5.220238095238095,1.0416666666666667,349.0,2.0773809523809526,36.63,-121.92,3.391
4.625,52.0,4.785714285714286,1.0927051671732524,1145.0,1.7401215805471124,37.8,-122.44,5.00001
3.7366,20.0,5.321944809461235,0.9789750328515112,2870.0,3.771353482260184,32.71,-117.02,1.218
7.916,23.0,8.572538860103627,1.038860103626943,1116.0,2.8911917098445596,32.8,-117.05,3.306
4.5694,28.0,6.219512195121951,1.0304878048780488,504.0,3.073170731707317,38.38,-122.33,2.875
5.3106,27.0,5.375722543352601,0.9884393063583815,1498.0,2.886319845857418,33.8,-118.3,2.683
10.3048,36.0,8.134920634920634,1.1904761904761905,316.0,2.507936507936508,33.61,-117.92,5.00001
4.5417,25.0,5.065868263473054,0.9860279441117764,1185.0,2.3652694610778444,37.65,-122.1,1.944
5.697,38.0,5.984455958549223,1.0362694300518134,971.0,2.5155440414507773,37.95,-122.54,4.357
3.6563,19.0,5.125,0.9791666666666666,1346.0,2.8041666666666667,38.59,-121.29,0.956
12.4237,44.0,7.4591439688715955,1.0311284046692606,754.0,2.933852140077821,34.13,-118.1,5.00001
2.7344,18.0,7.085158150851582,1.6131386861313868,999.0,2.4306569343065694,38.42,-120.42,0.919
3.0833,41.0,4.384615384615385,0.9903846153846154,1244.0,3.9871794871794872,33.95,-118.19,1.648
4.8173,16.0,6.121621621621622,1.0067567567567568,605.0,4.087837837837838,37.3,-121.8,2.356
2.1406,41.0,3.67027027027027,0.9945945945945946,788.0,4.2594594594594595,33.95,-118.2,1.653
8.2069,17.0,7.203571428571428,1.0910714285714285,1158.0,2.067857142857143,37.26,-121.99,4.425
6.2971,13.0,6.25,1.0069444444444444,1799.0,3.123263888888889,34.42,-118.43,2.183
2.5568,35.0,3.9853372434017595,1.0527859237536656,655.0,1.9208211143695015,34.01,-118.34,3.125
2.6208,52.0,3.8203389830508474,1.088135593220339,1237.0,2.0966101694915253,35.27,-120.65,2.271
3.8029,36.0,5.428057553956834,1.0017985611510791,1445.0,2.5989208633093526,38.1,-122.21,1.299
1.9213,52.0,4.508823529411765,0.9882352941176471,754.0,2.2176470588235295,39.44,-123.8,0.95
3.6667,40.0,5.989690721649485,1.127147766323024,981.0,3.3711340206185567,33.96,-118.1,1.731
6.2073,5.0,7.184633027522936,1.0412844036697249,3326.0,3.8142201834862384,38.0,-122.26,2.729
3.8542,34.0,5.68384074941452,1.0679156908665106,2089.0,2.446135831381733,32.8,-117.2,2.0
2.2768,42.0,4.088888888888889,1.1296296296296295,892.0,3.303703703703704,32.78,-117.17,1.452
3.1458,4.0,4.879818594104308,1.3151927437641724,1083.0,2.45578231292517,34.07,-117.57,1.188
2.9817,21.0,4.876988335100743,1.0455991516436904,2756.0,2.922587486744433,37.44,-122.07,2.25
1.5809,34.0,3.5180722891566263,1.0602409638554218,625.0,3.7650602409638556,33.68,-116.21,1.0
2.5795,27.0,4.274611398963731,1.1476683937823835,1359.0,3.5207253886010363,33.75,-118.29,1.924
2.7593,23.0,4.391117478510028,1.0358166189111748,2042.0,2.9255014326647566,34.34,-119.08,1.948
2.5469,35.0,4.637271214642263,0.9767054908485857,1431.0,2.3810316139767056,39.12,-121.62,0.659
2.0,25.0,4.0,1.126530612244898,896.0,3.657142857142857,34.65,-120.45,0.875
3.5714,4.0,5.9640287769784175,1.0827338129496402,676.0,2.431654676258993,37.98,-120.35,1.495
7.0173,16.0,8.073783359497645,1.0235478806907379,2209.0,3.467817896389325,33.67,-117.96,3.821
8.6572,20.0,8.130434782608695,1.0271739130434783,1105.0,3.0027173913043477,38.58,-121.35,3.202
5.0346,16.0,6.342696629213483,1.1123595505617978,758.0,4.258426966292135,33.15,-117.14,1.746
2.0724,42.0,3.614003590664273,1.0197486535008977,1920.0,3.4470377019748653,32.68,-117.1,1.076
2.2961,46.0,3.4318181818181817,0.9015151515151515,533.0,4.037878787878788,34.06,-118.2,1.125
3.6321,40.0,4.865874363327674,1.0475382003395586,1305.0,2.2156196943972835,37.91,-122.3,2.091
2.3725,30.0,4.803059273422562,1.1414913957934991,1390.0,2.6577437858508604,34.12,-117.22,0.772
2.3043,28.0,3.590909090909091,1.0669856459330143,1028.0,2.45933014354067,33.91,-118.29,1.775
4.0333,10.0,4.857142857142857,1.0214285714285714,354.0,2.5285714285714285,39.15,-121.1,1.615
3.0472,26.0,3.5754527162977867,1.1167002012072436,1966.0,3.9557344064386317,37.47,-122.21,2.11
3.6995,13.0,4.94212962962963,0.9930555555555556,779.0,1.8032407407407407,38.69,-121.3,1.349
2.325,35.0,3.163265306122449,1.0426716141001855,2212.0,4.103896103896104,33.98,-118.21,1.615
4.0662,52.0,5.578125,1.046875,440.0,2.2916666666666665,37.74,-122.14,2.042
2.1786,46.0,4.157894736842105,1.0161943319838056,1170.0,2.3684210526315788,35.28,-120.66,2.063
2.7443,31.0,4.1117647058823525,1.0941176470588236,460.0,2.7058823529411766,37.8,-121.21,0.942
3.7019,37.0,4.514388489208633,0.8561151079136691,671.0,2.4136690647482015,32.78,-116.97,1.386
3.05,17.0,8.32008830022075,2.0044150110375276,1160.0,2.5607064017660046,37.64,-118.98,1.889
7.167,20.0,7.72865275142315,1.073055028462998,3562.0,3.379506641366224,34.26,-118.59,3.571
4.8073,11.0,6.669527896995708,1.1158798283261802,793.0,3.40343347639485,38.28,-121.29,1.567
3.0952,23.0,5.801324503311259,1.1015452538631347,1210.0,2.671081677704194,38.65,-121.32,1.577
10.476,15.0,7.079670329670329,0.989010989010989,979.0,2.6895604395604398,37.41,-122.15,5.00001
1.6955,29.0,3.2230971128608923,1.1382327209098864,3891.0,3.404199475065617,33.78,-118.16,1.797
5.038,9.0,5.428415300546448,0.9672131147540983,2581.0,2.8207650273224045,38.42,-122.79,1.856
2.1165,48.0,6.898423817863398,1.5061295971978985,1257.0,2.2014010507880912,38.53,-122.97,0.987
2.7431,51.0,3.857142857142857,1.0025974025974025,880.0,2.2857142857142856,37.78,-122.47,3.071
4.108,36.0,5.405144694533762,1.0578778135048232,964.0,3.09967845659164,33.95,-118.02,1.812
4.7437,52.0,5.420195439739413,1.0635179153094463,1260.0,2.0521172638436482,37.74,-122.43,3.31
2.2621,32.0,3.2630331753554502,1.052132701421801,768.0,1.819905213270142,34.15,-118.25,1.875
4.925,27.0,5.5,1.039877300613497,1016.0,3.1165644171779143,34.18,-118.65,2.403
2.2905,11.0,4.621589561091341,1.0510083036773428,1902.0,2.2562277580071175,40.62,-122.36,0.942
3.38,28.0,4.064233576642335,1.0744525547445256,1534.0,2.2394160583941605,37.58,-122.33,2.854
3.3365,20.0,5.782527881040892,1.046468401486989,1453.0,2.700743494423792,34.02,-117.08,1.228
1.6021,29.0,4.56,1.0745454545454545,1112.0,2.021818181818182,37.98,-120.37,0.914
2.4524,25.0,3.657754010695187,1.0160427807486632,665.0,3.556149732620321,32.74,-117.11,0.903
2.066,9.0,4.291390728476821,1.0772626931567328,1992.0,4.397350993377484,33.21,-117.25,1.272
7.7234,10.0,8.016901408450705,1.019718309859155,1221.0,3.4394366197183097,34.13,-117.67,3.041
6.9418,8.0,6.741035856573705,1.0079681274900398,857.0,3.414342629482072,34.14,-117.66,3.105
6.4789,15.0,7.909230769230769,1.0253846153846153,3868.0,2.9753846153846153,38.77,-121.14,2.878
5.5259,52.0,5.943786982248521,1.0,841.0,2.4881656804733727,37.33,-121.92,2.958
3.4375,28.0,4.8584905660377355,1.1666666666666667,1334.0,4.19496855345912,34.29,-118.89,1.941
1.5635,17.0,3.4126506024096384,1.0436746987951808,3200.0,4.819277108433735,37.29,-120.48,0.604
6.3997,50.0,7.37020316027088,1.1489841986455982,1256.0,2.835214446952596,34.44,-119.72,5.00001
4.5625,21.0,4.667953667953668,1.193050193050193,801.0,3.0926640926640925,37.5,-122.49,5.0
1.6625,43.0,3.85,1.011764705882353,1182.0,3.476470588235294,33.94,-118.27,0.887
5.6018,16.0,6.767241379310345,0.9913793103448276,1014.0,2.913793103448276,38.37,-122.71,2.53
15.0001,52.0,9.23728813559322,1.062953995157385,1266.0,3.0653753026634383,34.08,-118.4,5.00001
9.3092,39.0,7.234285714285714,1.1161904761904762,975.0,1.8571428571428572,34.1,-118.38,5.00001
3.75,16.0,4.93646408839779,0.9972375690607734,1446.0,3.994475138121547,33.17,-117.21,1.638
7.3982,14.0,7.194915254237288,1.0105932203389831,1542.0,3.266949152542373,33.68,-117.98,3.691
5.4868,7.0,6.466101694915254,0.9661016949152542,1077.0,3.042372881355932,36.84,-119.82,1.588
3.8448,36.0,4.445431472081219,1.0571065989847717,2652.0,3.3654822335025383,34.09,-118.26,2.414
2.625,20.0,5.953229398663697,1.0066815144766148,1394.0,3.10467706013363,36.27,-119.57,0.974
3.399,48.0,4.976351351351352,0.9932432432432432,807.0,2.7263513513513513,34.2,-118.23,3.063
4.3846,15.0,6.2635983263598325,1.0460251046025104,827.0,3.4602510460251046,33.14,-117.08,1.542
2.0511,21.0,3.2589285714285716,1.1741071428571428,965.0,4.308035714285714,34.07,-118.44,3.5
4.4135,30.0,4.773913043478261,1.0565217391304347,1131.0,2.458695652173913,33.65,-117.9,2.723
13.1107,17.0,8.111650485436893,0.9320388349514563,678.0,3.29126213592233,33.89,-117.89,4.676
5.0159,6.0,6.5582329317269075,1.038152610441767,4583.0,3.06760374832664,38.68,-121.15,1.896
6.3214,34.0,6.294871794871795,0.9487179487179487,498.0,3.1923076923076925,33.83,-117.96,2.208
3.6875,36.0,5.327526132404182,1.0104529616724738,1271.0,4.428571428571429,33.99,-118.1,1.752
3.7109,11.0,5.717525773195876,1.0041237113402062,2300.0,2.3711340206185567,33.18,-117.14,1.998
2.3849,11.0,4.983529411764706,1.0341176470588236,2410.0,2.835294117647059,37.59,-120.96,1.22
6.0516,29.0,6.9581395348837205,1.3116279069767443,463.0,2.1534883720930234,33.63,-117.95,5.00001
3.8631,17.0,3.6359223300970873,1.1407766990291262,1382.0,2.236245954692557,33.82,-117.88,2.25
3.9375,17.0,18.5,3.0125,202.0,2.525,39.19,-120.1,2.132
3.4306,18.0,4.826996197718631,1.1711026615969582,964.0,1.832699619771863,32.79,-117.24,2.75
3.599,18.0,5.707910750507099,1.0933062880324544,1439.0,2.918864097363083,33.74,-117.97,2.62
2.3783,28.0,5.023684210526316,1.0473684210526315,1140.0,3.0,37.68,-121.04,0.814
2.131,38.0,3.208823529411765,1.026470588235294,1786.0,5.252941176470588,34.02,-118.26,1.365
3.45,52.0,5.573913043478261,1.1391304347826088,910.0,2.63768115942029,38.23,-122.65,2.006
1.6675,6.0,5.5115089514066495,1.391304347826087,1039.0,2.657289002557545,34.05,-117.3,0.958
5.0222,37.0,6.2,0.952,805.0,3.22,37.36,-122.09,5.00001
3.8776,11.0,6.131555555555556,1.0542222222222222,6000.0,2.6666666666666665,38.69,-121.32,1.245
2.7079,21.0,4.857425742574257,1.0257425742574258,1326.0,2.625742574257426,38.61,-121.33,1.48
4.4271,44.0,5.51417004048583,0.9595141700404858,709.0,2.8704453441295548,33.88,-118.36,3.362
2.5536,37.0,4.687096774193549,0.9451612903225807,867.0,2.796774193548387,40.78,-124.18,0.702
2.575,15.0,5.828196347031963,1.1386986301369864,5656.0,3.228310502283105,38.49,-121.46,1.079
4.7813,30.0,5.95249406175772,0.9358669833729216,1255.0,2.980997624703088,33.94,-117.92,1.982
3.5172,35.0,5.023880597014926,1.035820895522388,1242.0,3.707462686567164,33.8,-117.86,1.904
2.5147,11.0,22.133587786259543,5.82824427480916,713.0,2.7213740458015265,34.24,-116.82,0.847
6.4978,27.0,6.718328840970351,0.9582210242587601,1928.0,2.5983827493261455,38.02,-122.55,3.615
4.45,10.0,5.834752981260648,1.071550255536627,1538.0,2.6201022146507666,38.41,-121.38,1.387
2.1587,43.0,4.319648093841642,1.0879765395894427,1231.0,3.6099706744868034,37.73,-122.17,0.865
3.1583,49.0,4.855585831062671,1.0190735694822888,1010.0,2.7520435967302452,34.08,-118.12,2.682
3.6607,45.0,5.407476635514018,1.0654205607476634,1923.0,3.594392523364486,37.72,-122.39,1.923
4.1369,34.0,6.25,1.0911458333333333,1017.0,2.6484375,37.36,-122.05,3.169
3.1107,26.0,4.375168690958165,1.0526315789473684,2100.0,2.834008097165992,37.31,-121.92,2.479
2.6083,27.0,3.5095320623916813,0.9792027729636048,2189.0,3.7937608318890814,34.06,-118.18,1.486
4.7984,37.0,4.429280397022333,0.8933002481389578,1155.0,2.866004962779156,33.87,-117.96,1.758
4.875,30.0,4.206030150753769,1.07035175879397,606.0,3.0452261306532664,37.69,-122.47,2.588
2.7543,23.0,3.2066666666666666,1.1577777777777778,1264.0,2.8088888888888888,34.08,-118.31,2.2
2.75,41.0,5.666666666666667,1.0726072607260726,855.0,2.8217821782178216,37.75,-121.43,1.273
4.7337,22.0,5.76008064516129,1.0403225806451613,2412.0,4.862903225806452,32.57,-117.05,1.276
2.7661,38.0,4.682266009852217,0.9655172413793104,1099.0,2.706896551724138,32.74,-117.07,1.139
4.419,7.0,5.496458087367178,1.0053128689492326,7302.0,4.310507674144038,32.7,-117.04,1.569
2.3224,18.0,3.7112375533428166,1.0256045519203414,2221.0,3.159317211948791,34.06,-118.11,1.923
4.3958,52.0,2.1176470588235294,0.9264705882352942,1061.0,15.602941176470589,37.77,-122.4,2.25
7.2554,16.0,7.577154308617234,1.0100200400801602,1665.0,3.3366733466933867,33.85,-117.78,3.356
2.6354,27.0,3.493377483443709,1.1490066225165563,718.0,2.377483443708609,37.79,-122.27,1.875
3.4634,37.0,5.505586592178771,0.9636871508379888,939.0,2.622905027932961,34.1,-117.66,1.453
4.6602,22.0,5.767123287671233,0.9698630136986301,993.0,2.7205479452054795,37.94,-122.05,2.278
4.0313,29.0,4.844444444444444,1.126984126984127,724.0,2.2984126984126982,37.52,-122.28,4.352
1.7714,38.0,5.542857142857143,1.2317460317460318,1142.0,3.6253968253968254,38.53,-121.45,0.699
3.625,45.0,4.917808219178082,1.2808219178082192,662.0,2.267123287671233,33.96,-118.39,3.294
7.0691,13.0,6.6896969696969695,1.0096969696969698,2444.0,2.9624242424242424,37.57,-121.87,3.932
8.492,35.0,6.785302593659942,1.04178674351585,1866.0,2.6887608069164264,37.22,-121.96,5.00001
5.6015,33.0,5.9136125654450264,0.93717277486911,2037.0,2.6662303664921465,34.08,-117.87,2.672
5.0461,15.0,7.351981351981352,1.1375291375291374,1656.0,3.86013986013986,33.19,-117.11,2.224
3.0963,23.0,4.961038961038961,1.0505050505050506,2942.0,2.1226551226551225,38.51,-121.52,1.569
0.8172,52.0,6.102459016393443,1.3729508196721312,728.0,2.9836065573770494,37.82,-122.28,0.853
3.1942,24.0,5.628828828828829,1.0018018018018018,1512.0,2.7243243243243245,38.69,-121.44,0.949
4.2143,37.0,5.288235294117647,0.9735294117647059,860.0,2.5294117647058822,33.81,-118.12,2.285
3.5313,31.0,4.7301204819277105,1.0120481927710843,1494.0,3.6,34.2,-118.55,2.118
4.5081,33.0,4.511335012594459,0.9722921914357683,844.0,2.1259445843828715,34.18,-118.46,2.514
4.3472,47.0,6.0476190476190474,1.0952380952380953,51.0,2.4285714285714284,37.73,-121.82,3.75
3.7059,17.0,5.199029126213592,1.058252427184466,946.0,2.296116504854369,33.81,-118.0,1.463
6.1632,32.0,6.4681372549019605,1.017156862745098,1013.0,2.482843137254902,37.92,-122.5,3.492
3.8929,34.0,4.441037735849057,0.9622641509433962,1227.0,2.893867924528302,33.79,-117.86,1.875
5.1118,32.0,5.855491329479769,0.976878612716763,436.0,2.520231213872832,37.98,-122.0,2.269
5.777,23.0,6.552301255230126,0.9811715481171548,1646.0,3.4435146443514646,33.85,-118.04,3.159
2.4122,12.0,4.637051039697543,1.1323251417769375,1251.0,2.3648393194706996,33.12,-117.07,1.27
7.5218,23.0,7.7362068965517246,1.006896551724138,2024.0,3.489655172413793,37.23,-121.82,2.915
1.8357,24.0,3.8771384136858478,1.077760497667185,1420.0,2.208398133748056,32.8,-116.96,1.042
2.3562,45.0,5.479166666666667,1.0666666666666667,666.0,2.775,36.77,-119.78,0.581
5.979,19.0,6.860557768924303,1.0225763612217795,2374.0,3.152722443559097,33.91,-118.0,2.852
5.75,25.0,21.397435897435898,4.461538461538462,163.0,2.08974358974359,39.15,-120.15,1.766
7.6832,11.0,7.26775956284153,0.9617486338797814,1226.0,3.349726775956284,33.06,-117.26,3.198
2.4044,34.0,5.092936802973978,1.066914498141264,818.0,3.04089219330855,36.54,-119.87,0.725
5.7664,16.0,6.002976190476191,1.0982142857142858,931.0,2.7708333333333335,38.38,-122.89,2.675
15.0001,2.0,22.22222222222222,2.2222222222222223,25.0,2.7777777777777777,37.74,-121.96,3.5
1.755,47.0,4.5167173252279635,1.0182370820668694,765.0,2.325227963525836,40.8,-124.15,0.741
3.4605,52.0,4.838235294117647,0.9963235294117647,1364.0,2.5073529411764706,37.78,-122.46,4.417
1.5227,22.0,5.746268656716418,1.3582089552238805,610.0,2.2761194029850746,33.89,-116.63,0.71
1.2532,12.0,3.456445993031359,1.0696864111498259,1071.0,1.8658536585365855,34.7,-118.14,1.021
2.478,16.0,3.838763575605681,1.1203007518796992,2849.0,2.3801169590643276,33.17,-117.35,1.856
2.9244,32.0,5.332819722650231,1.024653312788906,1507.0,2.3220338983050848,36.8,-119.77,0.846
4.1548,32.0,5.222585924713584,1.0376432078559739,1718.0,2.811783960720131,33.79,-118.03,2.166
5.2563,17.0,10.321167883211679,1.8467153284671534,673.0,2.4562043795620436,34.24,-117.13,1.441
1.6023,35.0,6.323529411764706,1.3235294117647058,100.0,2.9411764705882355,37.95,-122.37,0.813
4.15,46.0,4.03921568627451,0.8627450980392157,134.0,2.627450980392157,37.42,-122.14,2.65
4.8,21.0,4.60377358490566,1.0566037735849056,1215.0,2.547169811320755,33.8,-118.06,1.969
2.3487,38.0,4.267647058823529,0.9264705882352942,786.0,2.3117647058823527,38.53,-121.48,1.016
3.8304,52.0,5.395437262357414,1.0779467680608366,1411.0,2.682509505703422,37.73,-122.44,2.614
3.069,35.0,5.317280453257791,0.9291784702549575,1155.0,3.271954674220963,36.81,-119.79,0.696
2.7216,32.0,5.366594360086768,1.0824295010845988,1224.0,2.6550976138828633,33.12,-117.07,1.463
6.0878,39.0,7.266081871345029,1.1169590643274854,1072.0,3.134502923976608,34.13,-118.04,4.302
4.0609,47.0,4.430446194225722,1.0131233595800524,1663.0,4.364829396325459,33.97,-118.22,1.713
3.4318,31.0,5.199186991869919,1.0406504065040652,1164.0,2.3658536585365852,32.83,-117.22,2.004
4.7319,35.0,4.926666666666667,0.9933333333333333,1000.0,2.2222222222222223,33.93,-118.4,3.761
4.2471,4.0,5.816950633464395,1.0589777195281782,6420.0,2.8047182175622543,37.68,-120.94,1.621
4.9615,28.0,5.411009174311927,0.9706422018348624,1538.0,2.8220183486238533,37.53,-121.96,2.28
3.3182,46.0,5.3875,1.075,239.0,2.9875,37.77,-120.69,2.821
1.9798,49.0,4.822368421052632,1.0986842105263157,1361.0,2.2384868421052633,37.86,-122.28,1.474
2.7366,40.0,3.196078431372549,1.0647058823529412,1568.0,3.074509803921569,34.08,-118.28,1.691
3.625,52.0,3.973568281938326,1.0440528634361232,846.0,3.7268722466960353,37.79,-122.25,1.25
4.4271,25.0,5.082514734774067,1.005893909626719,1219.0,2.3948919449901767,33.82,-118.32,3.821
2.5234,31.0,4.160944206008583,1.0836909871244635,1584.0,3.3991416309012874,34.17,-118.36,1.995
4.4565,5.0,4.488636363636363,1.1818181818181819,861.0,1.9568181818181818,37.25,-121.81,1.59
4.2891,48.0,4.448979591836735,0.9727891156462585,835.0,2.8401360544217686,34.13,-118.23,2.148
2.7891,40.0,5.71830985915493,1.0845070422535212,374.0,2.6338028169014085,39.32,-121.65,0.735
1.7188,40.0,5.458333333333333,1.1666666666666667,329.0,3.4270833333333335,37.33,-121.09,1.125
4.2917,37.0,5.868421052631579,1.0296052631578947,788.0,2.5921052631578947,37.96,-122.06,1.896
2.9219,38.0,4.205882352941177,0.9950980392156863,1250.0,6.127450980392157,34.27,-118.41,1.379
4.4818,24.0,6.041184041184041,1.0553410553410554,3566.0,4.589446589446589,34.28,-118.39,1.662
2.2259,24.0,3.1024,1.0432,1808.0,2.8928,37.31,-121.86,1.125
7.7364,24.0,6.576271186440678,0.9463276836158192,969.0,2.73728813559322,37.52,-122.31,4.358
4.6719,32.0,5.03781512605042,0.9621848739495799,814.0,3.4201680672268906,37.36,-121.98,2.521
2.181,37.0,4.6773255813953485,1.0872093023255813,1173.0,3.4098837209302326,36.71,-119.56,0.599
4.6452,45.0,5.689138576779026,0.9850187265917603,681.0,2.550561797752809,33.79,-118.14,2.125
2.5556,24.0,4.864904552129222,1.1292217327459617,1631.0,2.395007342143906,38.66,-121.35,1.057
4.0433,13.0,6.996116504854369,1.112621359223301,1644.0,3.1922330097087377,33.73,-116.93,1.323
4.105,16.0,6.035962877030163,1.0417633410672853,2515.0,2.917633410672854,32.83,-116.91,1.744
8.2004,32.0,8.2491961414791,1.0691318327974277,1877.0,3.017684887459807,34.15,-118.05,5.00001
3.3958,37.0,6.018691588785047,1.0934579439252337,1284.0,3.0,34.08,-117.64,1.304
6.142,44.0,6.01360544217687,1.0108843537414967,1790.0,2.435374149659864,37.49,-122.25,3.947
3.8958,33.0,5.419354838709677,0.9723502304147466,529.0,2.4377880184331797,39.13,-123.23,1.44
3.1523,14.0,5.226685796269727,1.0129124820659972,2070.0,2.96987087517934,37.53,-120.84,1.418
2.8974,26.0,3.9512670565302144,1.0896686159844056,1545.0,3.0116959064327484,34.2,-118.48,1.899
4.0357,17.0,6.472843450479234,1.0798722044728435,873.0,2.7891373801916934,40.74,-124.17,1.289
2.7712,29.0,3.6916129032258063,1.0529032258064517,1715.0,2.2129032258064516,33.98,-118.36,1.609
3.2705,52.0,4.772479564032698,1.0245231607629428,1504.0,2.0490463215258856,37.85,-122.26,2.418
1.8723,46.0,5.044943820224719,1.0561797752808988,854.0,3.198501872659176,36.73,-119.76,0.526
3.1719,34.0,4.883408071748879,1.0201793721973094,1193.0,2.6748878923766815,32.74,-117.05,1.153
3.9537,17.0,6.013461538461539,1.0365384615384616,1390.0,2.673076923076923,39.25,-121.06,1.728
2.1652,14.0,3.7512195121951217,1.056910569105691,5723.0,9.30569105691057,34.4,-119.85,0.375
3.0441,17.0,5.292328042328043,1.0767195767195767,2313.0,3.0595238095238093,34.65,-118.21,1.401
3.3906,42.0,5.416974169741698,1.03690036900369,571.0,2.107011070110701,38.53,-121.49,1.242
3.55,27.0,4.551980198019802,0.9702970297029703,1302.0,3.222772277227723,33.04,-117.27,2.146
6.3702,23.0,6.440263405456256,1.0141110065851364,2951.0,2.7761053621825025,37.31,-122.01,3.32
2.425,17.0,3.1600877192982457,1.162280701754386,769.0,1.6864035087719298,33.89,-117.87,1.717
4.3158,49.0,5.478260869565218,1.0739130434782609,1435.0,2.079710144927536,34.04,-118.48,5.00001
5.0253,13.0,5.951724137931034,0.9494252873563218,1356.0,3.117241379310345,36.81,-119.68,1.062
4.0833,41.0,6.598591549295775,1.1126760563380282,396.0,2.788732394366197,36.06,-119.0,0.813
2.5441,41.0,5.333333333333333,1.178030303030303,793.0,3.003787878787879,34.37,-119.29,1.612
3.9464,50.0,5.328877005347594,1.0962566844919786,1009.0,2.697860962566845,37.76,-122.5,2.956
1.6559,48.0,5.161662817551963,1.0,1363.0,3.147806004618938,33.99,-118.31,1.014
5.084,44.0,5.678445229681979,0.9575971731448764,799.0,2.823321554770318,33.87,-118.14,2.141
1.6522,37.0,4.897435897435898,1.0073260073260073,767.0,2.8095238095238093,35.31,-119.0,0.533
7.2592,20.0,7.135294117647059,1.0058823529411764,565.0,3.323529411764706,33.6,-117.67,3.148
2.0956,35.0,3.201550387596899,1.2222222222222223,1524.0,3.937984496124031,33.78,-118.26,1.547
3.9688,30.0,6.60431654676259,1.1079136690647482,469.0,3.3741007194244603,37.61,-120.8,1.75
3.825,52.0,5.465753424657534,1.0547945205479452,671.0,3.0639269406392695,34.04,-118.37,2.785
5.0714,24.0,7.587219343696027,1.6683937823834196,1257.0,2.1709844559585494,33.96,-118.42,3.561
6.9308,18.0,6.704761904761905,1.0793650793650793,1048.0,3.326984126984127,33.88,-117.83,2.317
3.8958,20.0,5.940625,0.978125,1258.0,3.93125,37.51,-120.84,1.268
2.0819,43.0,4.099697885196375,1.054380664652568,1657.0,5.006042296072508,33.97,-118.24,1.118
4.0931,32.0,5.496835443037975,1.001054852320675,3025.0,3.190928270042194,32.85,-116.99,1.342
1.7083,41.0,5.139240506329114,1.0632911392405062,375.0,2.3734177215189876,34.83,-114.59,0.485
5.1696,52.0,6.115902964959568,1.0242587601078168,1004.0,2.706199460916442,37.89,-122.29,2.614
1.3,11.0,7.141242937853107,1.5310734463276836,370.0,2.0903954802259888,39.09,-122.53,0.697
6.2344,50.0,5.826254826254826,1.1235521235521235,690.0,2.664092664092664,34.06,-118.38,5.00001
3.5694,31.0,4.305019305019305,1.0347490347490347,1369.0,5.285714285714286,33.73,-117.86,1.505
4.0222,16.0,4.767910447761194,0.9925373134328358,6242.0,4.658208955223881,34.19,-119.13,2.068
5.5121,16.0,6.051612903225807,1.043010752688172,1305.0,2.806451612903226,37.26,-121.86,2.241
3.2026,34.0,5.481393975191967,1.0425280567040756,4514.0,2.666272888363851,34.46,-119.23,2.276
4.9429,28.0,5.839679358717435,0.9799599198396793,1500.0,3.006012024048096,33.8,-117.94,2.548
1.724,52.0,2.2785657998423954,1.0823483057525611,4518.0,1.7801418439716312,37.79,-122.41,2.25
3.9128,30.0,5.90138067061144,1.017751479289941,1521.0,3.0,33.94,-117.44,1.269
3.6458,44.0,4.567961165048544,1.116504854368932,493.0,2.3932038834951457,34.0,-118.46,3.258
4.7216,41.0,5.7967914438502675,0.9545454545454546,1171.0,3.1310160427807485,33.69,-118.33,3.119
8.8178,27.0,7.472035794183445,1.0089485458612975,1220.0,2.7293064876957494,37.27,-122.01,5.00001
5.1155,35.0,3.8880778588807785,0.9683698296836983,782.0,1.9026763990267639,33.6,-117.87,5.0
5.1674,20.0,5.154491017964072,1.0191616766467066,2059.0,2.465868263473054,37.35,-122.0,3.33
3.8214,36.0,5.897435897435898,1.0128205128205128,690.0,2.948717948717949,33.83,-117.95,2.109
6.02,19.0,5.368794326241135,1.049645390070922,361.0,2.5602836879432624,33.87,-118.37,3.042
4.6364,11.0,3.9457013574660635,0.918552036199095,422.0,1.909502262443439,33.82,-118.19,1.563
1.9667,26.0,8.25,1.8555555555555556,406.0,2.2555555555555555,38.94,-119.97,0.846
4.9318,20.0,6.247678018575852,1.0154798761609907,1196.0,3.7027863777089784,37.34,-121.79,2.624
6.1168,34.0,5.875,0.8916666666666667,837.0,3.4875,33.84,-117.88,2.139
5.0092,24.0,6.487804878048781,0.8926829268292683,656.0,3.2,37.97,-121.97,2.441
4.0109,36.0,5.786516853932584,1.0224719101123596,863.0,3.2322097378277155,37.69,-122.15,1.929
6.0902,29.0,6.121160409556314,0.9974402730375427,3063.0,2.613481228668942,38.03,-122.55,2.932
3.7721,25.0,4.008849557522124,1.1317600786627335,1719.0,1.6902654867256637,34.05,-118.46,3.375
3.5938,35.0,5.951742627345845,1.0402144772117963,906.0,2.428954423592493,35.38,-118.95,0.952
1.8042,17.0,4.06015037593985,0.9924812030075187,878.0,2.200501253132832,39.14,-123.2,1.092
3.4198,27.0,3.44804318488529,1.0789473684210527,2764.0,1.8650472334682862,37.41,-122.11,3.519
1.6429,23.0,5.063063063063063,1.1013513513513513,1132.0,2.5495495495495497,40.63,-122.42,0.804
2.125,44.0,4.29426433915212,1.139650872817955,2177.0,5.428927680798005,33.98,-118.27,0.925
2.5875,24.0,9.77578475336323,2.318385650224215,755.0,3.3856502242152464,38.94,-119.95,1.734
5.5601,4.0,7.220008478168715,1.079270877490462,7653.0,3.2441712590080543,37.97,-121.78,2.137
2.7727,25.0,3.6779661016949152,1.0127118644067796,2267.0,2.4014830508474576,37.36,-121.95,2.356
3.0321,21.0,4.731082654249127,1.0139697322467986,1847.0,2.150174621653085,38.92,-121.1,1.355
3.5625,34.0,3.948186528497409,0.9430051813471503,611.0,3.1658031088082903,37.38,-121.84,2.018
3.7159,52.0,5.788643533123029,1.0410094637223974,777.0,2.451104100946372,34.17,-118.12,3.154
2.9154,35.0,4.244628099173553,1.1107438016528925,1696.0,2.803305785123967,34.12,-118.17,1.692
4.6776,8.0,6.871635610766045,1.0910973084886129,2710.0,2.8053830227743273,35.13,-120.59,2.955
5.1824,32.0,5.641148325358851,1.1961722488038278,369.0,1.7655502392344498,33.72,-118.07,5.00001
1.7188,17.0,3.485981308411215,0.9953271028037384,1595.0,3.7266355140186915,32.8,-115.57,0.699
3.3289,39.0,5.580487804878048,1.2902439024390244,1449.0,3.5341463414634147,36.38,-121.4,1.906
4.0473,9.0,5.479078514339445,0.9873060648801129,7596.0,3.571227080394922,33.91,-117.23,1.272
5.6223,24.0,6.988269794721408,1.0058651026392962,1146.0,3.3607038123167157,37.26,-121.87,2.657
4.8624,11.0,5.68,1.0447058823529412,5826.0,2.7416470588235295,37.71,-121.75,1.924
5.1508,15.0,5.3171728971962615,1.078855140186916,3333.0,1.9468457943925233,33.77,-118.11,3.673
4.1742,44.0,5.171428571428572,1.026190476190476,892.0,2.123809523809524,32.78,-117.24,3.422
3.6375,26.0,4.933774834437086,1.0662251655629138,247.0,1.6357615894039734,33.86,-117.92,1.339
5.8171,4.0,7.220479704797048,1.1042435424354244,7025.0,3.2403136531365315,38.07,-122.22,2.252
1.8438,35.0,4.623853211009174,1.1559633027522935,323.0,2.963302752293578,37.74,-122.18,0.905
15.0001,13.0,7.842900302114804,0.9939577039274925,1865.0,2.8172205438066467,33.62,-117.85,5.00001
4.7917,40.0,5.557647058823529,1.1011764705882352,992.0,2.3341176470588234,37.58,-122.33,3.599
1.9583,41.0,3.719367588932806,0.9209486166007905,973.0,3.8458498023715415,33.9,-118.21,1.023
4.6184,36.0,5.760135135135135,1.010135135135135,871.0,2.9425675675675675,33.95,-118.02,1.798
2.9937,27.0,5.33806146572104,1.0094562647754137,1076.0,2.5437352245862885,36.79,-119.77,0.811
2.3269,28.0,4.422018348623853,1.0642201834862386,782.0,3.5871559633027523,37.94,-121.25,0.559
5.7117,16.0,5.774881516587678,1.037914691943128,986.0,2.3364928909952605,33.69,-117.98,2.472
7.0102,23.0,6.242382271468144,1.0401662049861495,2167.0,3.0013850415512464,37.33,-122.06,5.00001
2.7222,24.0,5.212795549374131,1.070931849791377,1827.0,2.541029207232267,36.8,-119.77,0.831
3.2917,10.0,34.57142857142857,7.022321428571429,483.0,2.15625,37.63,-118.99,2.318
1.462,27.0,4.335329341317365,1.0239520958083832,1514.0,2.2664670658682633,34.12,-117.27,0.702
6.2275,34.0,6.215302491103203,0.9750889679715302,2865.0,2.548932384341637,37.88,-122.14,3.944
3.1034,29.0,4.597222222222222,1.037037037037037,2013.0,4.659722222222222,34.11,-117.95,1.408
2.2222,35.0,5.624521072796935,1.1417624521072798,1168.0,4.475095785440613,33.93,-117.4,0.813
1.9125,44.0,4.969230769230769,1.2197802197802199,1348.0,2.9626373626373628,33.98,-118.29,0.972
3.75,19.0,4.4731457800511505,1.0383631713554988,969.0,2.4782608695652173,33.84,-117.95,1.734
3.2756,21.0,3.963163064833006,1.067779960707269,4369.0,2.145874263261297,34.1,-117.75,1.568
2.4042,29.0,4.32037037037037,0.9962962962962963,1120.0,2.074074074074074,37.68,-122.09,2.056
1.6528,32.0,4.544776119402985,1.2350746268656716,620.0,2.3134328358208953,40.75,-124.21,0.581
3.6389,29.0,4.186588921282799,1.1690962099125364,674.0,1.9650145772594751,33.92,-118.41,2.75
6.8773,18.0,6.570539419087137,0.991701244813278,1414.0,2.933609958506224,37.11,-121.75,4.677
5.2285,24.0,5.932710280373832,0.9457943925233645,1466.0,2.7401869158878505,36.66,-121.64,2.481
3.0199,20.0,5.212922173274596,1.080763582966226,2229.0,3.2731277533039647,34.08,-117.61,1.288
2.0114,36.0,4.398706896551724,1.144396551724138,1390.0,2.9956896551724137,33.94,-118.3,0.993
5.145,19.0,4.216032608695652,1.094429347826087,2455.0,1.6677989130434783,33.83,-118.43,4.202
1.8095,25.0,4.170802919708029,0.9664233576642336,2076.0,3.0306569343065695,39.28,-121.64,0.641
7.6685,33.0,6.178217821782178,0.9579207920792079,1098.0,2.717821782178218,33.88,-118.39,4.743
3.5331,30.0,5.539115646258503,0.9761904761904762,1804.0,3.068027210884354,37.6,-120.94,1.029
3.8062,25.0,4.5576923076923075,0.8846153846153846,300.0,2.8846153846153846,37.06,-121.37,3.409
3.8542,15.0,5.725806451612903,1.0,1296.0,2.986175115207373,37.66,-120.96,1.452
4.3317,43.0,4.729903536977492,0.9678456591639871,767.0,2.4662379421221865,33.79,-118.12,2.324
8.3637,22.0,8.938028169014084,1.047887323943662,1181.0,3.3267605633802817,33.82,-117.82,5.00001
4.075,7.0,6.398757763975155,1.0770186335403726,2553.0,3.1714285714285713,37.79,-121.24,1.95
7.8633,28.0,7.162337662337662,1.0649350649350648,415.0,2.6948051948051948,37.38,-122.26,5.00001
2.1058,41.0,4.481632653061224,1.0775510204081633,1178.0,4.808163265306122,34.05,-118.19,1.243
2.5868,16.0,5.617414248021108,1.108179419525066,932.0,2.45910290237467,34.11,-117.64,1.469
3.5078,15.0,6.254587155963303,1.146788990825688,1228.0,2.81651376146789,36.83,-119.71,1.09
5.0016,19.0,5.531431897555297,1.029685681024447,6370.0,3.7077997671711294,34.19,-119.2,2.185
2.2813,21.0,5.207272727272727,1.0327272727272727,862.0,3.1345454545454547,39.42,-121.71,0.576
1.7377,33.0,3.9759450171821307,1.0721649484536082,1714.0,2.9450171821305844,34.03,-118.33,1.839
7.3089,48.0,7.283216783216783,1.0419580419580419,685.0,2.395104895104895,37.91,-122.28,3.312
3.748,18.0,6.213,1.188,2679.0,2.679,34.15,-119.23,3.804
4.3438,36.0,5.829545454545454,1.0340909090909092,505.0,2.8693181818181817,33.8,-118.13,2.336
2.6023,26.0,13.985507246376812,2.8333333333333335,307.0,2.2246376811594204,39.26,-120.01,1.393
1.9872,48.0,3.7896995708154506,1.0665236051502145,1908.0,4.094420600858369,33.78,-118.2,1.688
6.0,10.0,6.4498714652956295,1.0848329048843188,1037.0,2.665809768637532,38.85,-121.08,2.201
2.625,47.0,4.963855421686747,1.3433734939759037,533.0,3.210843373493976,37.74,-122.16,0.982
5.0532,19.0,4.973796033994335,1.0892351274787535,3993.0,2.8279036827195467,33.81,-118.29,2.182
4.4063,9.0,4.564426877470356,1.0434782608695652,3086.0,2.439525691699605,33.63,-117.67,2.022
3.8141,52.0,5.568,1.0346666666666666,908.0,2.421333333333333,34.08,-118.35,3.42
3.455,34.0,4.415233415233415,0.9705159705159705,1162.0,2.8550368550368552,38.31,-122.3,1.375
2.0357,39.0,5.003225806451613,1.1387096774193548,684.0,2.206451612903226,39.51,-121.55,0.576
5.152,26.0,6.209302325581396,1.041860465116279,742.0,3.4511627906976745,32.6,-117.03,1.434
3.8864,29.0,5.16,1.1175,1265.0,3.1625,33.85,-118.01,2.093
4.7953,26.0,4.843423799582464,1.011830201809325,4367.0,3.0389700765483645,33.84,-118.06,2.109
3.694,36.0,4.831360946745562,1.0207100591715976,1382.0,4.088757396449704,37.6,-122.02,1.596
3.7768,5.0,5.802037845705968,1.0727802037845706,1887.0,2.7467248908296944,38.54,-122.79,2.138
2.4956,11.0,4.960328317373461,1.0656634746922025,1819.0,2.488372093023256,36.75,-119.7,0.875
4.2212,45.0,5.148148148148148,1.0407407407407407,538.0,1.9925925925925927,34.16,-118.35,2.938
3.3536,17.0,4.2419962335216574,1.073446327683616,2111.0,1.987758945386064,33.15,-117.34,2.833
1.8112,29.0,3.713523131672598,1.063167259786477,3675.0,3.2695729537366547,32.69,-117.1,1.036
3.3793,18.0,6.322834645669292,1.0669291338582678,1817.0,3.576771653543307,39.11,-121.64,0.929
2.4962,37.0,5.324324324324325,1.1081081081081081,835.0,3.223938223938224,37.75,-122.17,0.918
3.8068,29.0,4.45578231292517,1.129251700680272,937.0,3.187074829931973,33.87,-117.98,1.587
2.025,46.0,4.565126050420168,1.0714285714285714,1343.0,2.8214285714285716,34.03,-118.31,1.355
2.3229,16.0,5.205357142857143,1.0446428571428572,2372.0,3.5297619047619047,33.85,-117.28,1.18
2.8365,21.0,5.975728155339806,0.9902912621359223,609.0,2.9563106796116503,36.25,-119.32,0.9
5.449,16.0,6.822764227642277,1.0373983739837398,1713.0,2.7853658536585364,38.5,-122.75,2.521
12.0088,16.0,6.006711409395973,1.2147651006711409,237.0,1.5906040268456376,33.96,-118.48,5.00001
1.9483,50.0,4.413854351687389,1.0781527531083481,1354.0,2.4049733570159857,37.86,-122.29,1.505
7.9248,21.0,7.246951219512195,0.9817073170731707,1007.0,3.0701219512195124,34.48,-119.78,5.00001
5.3922,34.0,6.362758620689656,1.033103448275862,2050.0,2.8275862068965516,37.28,-121.9,3.029
1.2891,18.0,4.12289156626506,0.9228915662650602,1474.0,3.5518072289156626,34.16,-118.15,1.813
6.912,29.0,6.615629984051036,1.0127591706539074,1638.0,2.61244019138756,37.49,-122.28,4.572
1.962,43.0,4.5576923076923075,1.0625,749.0,3.6009615384615383,37.96,-121.27,0.527
0.76,10.0,2.6515151515151514,1.0545454545454545,546.0,1.6545454545454545,37.81,-122.27,1.625
2.8892,42.0,4.681578947368421,1.1342105263157896,1507.0,3.9657894736842105,33.95,-118.35,1.598
2.551,37.0,4.840466926070039,1.1245136186770428,1854.0,3.6070038910505837,37.93,-121.29,0.591
3.0882,40.0,4.394673123486683,1.036319612590799,1807.0,4.375302663438257,33.81,-118.21,1.607
1.7823,17.0,4.055045871559633,1.0871559633027523,1079.0,2.4747706422018347,33.76,-117.88,2.053
4.125,35.0,5.571428571428571,0.9895470383275261,721.0,2.5121951219512195,33.95,-117.39,1.207
2.4167,45.0,4.462025316455696,1.1244725738396624,1530.0,3.2278481012658227,37.79,-122.21,1.394
3.1496,34.0,4.348360655737705,1.0594262295081966,1578.0,3.2336065573770494,33.93,-118.13,1.919
1.1295,29.0,3.639344262295082,1.2418032786885247,1391.0,2.8504098360655736,33.77,-118.18,1.375
3.4167,44.0,5.068376068376068,0.9615384615384616,687.0,2.9358974358974357,37.49,-120.79,1.607
2.1937,20.0,3.625766871165644,1.1625766871165644,678.0,2.079754601226994,32.75,-117.14,1.625
4.2679,14.0,6.392592592592592,1.1185185185185185,315.0,2.3333333333333335,36.94,-119.61,1.518
2.9094,39.0,4.017045454545454,1.0965909090909092,1991.0,3.7708333333333335,33.95,-118.18,1.522
2.0285,25.0,5.2930379746835445,1.0354430379746835,7679.0,4.860126582278481,36.32,-119.93,1.063
8.0755,52.0,6.253822629969419,1.0795107033639144,722.0,2.2079510703363914,37.79,-122.44,5.00001
6.871,52.0,5.859813084112149,1.0404984423676011,640.0,1.9937694704049844,34.06,-118.42,5.00001
3.9659,33.0,5.322314049586777,1.0661157024793388,334.0,2.760330578512397,40.73,-124.1,1.118
3.1912,33.0,4.8950471698113205,1.0023584905660377,3563.0,4.201650943396227,34.08,-117.96,1.599
2.2583,18.0,7.046728971962617,1.5046728971962617,247.0,2.308411214953271,40.89,-122.31,0.788
4.3281,19.0,5.499288762446657,1.1024182076813656,1554.0,2.210526315789474,32.8,-117.03,2.2
2.3466,28.0,5.227777777777778,0.9722222222222222,588.0,3.2666666666666666,36.3,-119.65,0.534
3.1106,31.0,5.3881856540084385,1.2362869198312236,698.0,2.9451476793248945,32.81,-116.95,1.477
6.0266,24.0,6.672131147540983,1.1147540983606556,175.0,2.8688524590163933,38.35,-122.18,2.167
2.537,44.0,3.5610098176718092,1.05890603085554,1382.0,1.9382889200561009,37.87,-122.29,1.75
1.7552,24.0,4.418502202643172,1.105726872246696,1098.0,4.8370044052863435,39.35,-121.65,0.864
3.0771,28.0,4.727969348659004,0.9693486590038314,1353.0,2.5919540229885056,32.62,-117.08,1.586
3.0877,27.0,3.596100278551532,1.001392757660167,2038.0,2.838440111420613,34.18,-118.46,1.742
3.2462,33.0,3.9744582043343653,1.1222910216718267,2404.0,1.8606811145510835,34.11,-118.32,4.357
4.0,24.0,4.848066298342541,1.0082872928176796,952.0,2.6298342541436464,37.7,-122.17,2.026
2.625,43.0,3.5346820809248554,1.1040462427745665,1699.0,2.4552023121387285,33.98,-118.04,1.633
3.7041,11.0,7.260932944606414,1.186588921282799,1934.0,2.8192419825072887,37.62,-120.95,1.748
2.2847,41.0,3.5281385281385282,1.0909090909090908,775.0,3.354978354978355,34.01,-118.11,1.9
3.6039,45.0,4.601217656012176,1.0030441400304415,1789.0,2.7229832572298327,38.3,-122.31,1.26
4.1455,37.0,4.511933174224343,1.041766109785203,1725.0,2.058472553699284,34.06,-118.4,5.00001
2.375,12.0,4.606914212548015,1.0601792573623559,2588.0,3.313700384122919,34.09,-117.44,1.138
3.1315,18.0,3.8207024029574863,1.423290203327172,870.0,1.6081330868761552,33.83,-117.96,1.375
2.3026,25.0,5.543859649122807,1.1578947368421053,613.0,3.584795321637427,36.59,-120.18,0.906
4.1289,13.0,4.572038420490928,1.112059765208111,2146.0,2.290288153681964,38.03,-122.44,1.792
4.6518,24.0,6.5764272559852675,1.3296500920810312,1409.0,2.5948434622467773,33.46,-117.67,2.778
3.6087,10.0,6.317073170731708,1.083623693379791,827.0,2.8815331010452963,39.05,-121.07,1.821
3.975,18.0,3.9081632653061225,0.9591836734693877,487.0,4.969387755102041,33.8,-117.99,1.625
2.375,41.0,3.7228915662650603,1.0120481927710843,747.0,1.8,32.76,-117.13,1.544
5.5127,34.0,5.567049808429119,1.0421455938697317,1282.0,2.4559386973180075,37.25,-121.95,2.682
3.915,34.0,5.301639344262295,1.1278688524590164,938.0,3.0754098360655737,34.2,-118.5,2.177
4.2621,4.0,3.5349428208386278,1.0381194409148666,1309.0,1.6632782719186785,32.78,-117.12,1.242
1.625,8.0,7.6,0.95,1275.0,63.75,33.97,-117.33,1.625
4.1964,32.0,4.907849829351536,1.0443686006825939,802.0,2.737201365187713,36.96,-122.04,2.02
1.7262,18.0,5.71259842519685,1.094488188976378,695.0,2.736220472440945,40.58,-123.18,0.737
3.4327,31.0,4.3429394812680115,1.063400576368876,1548.0,4.461095100864553,34.07,-117.99,1.472
2.3526,48.0,3.807073954983923,1.0546623794212218,953.0,3.0643086816720255,34.04,-118.32,1.563
3.0904,36.0,5.193661971830986,0.9507042253521126,1149.0,4.045774647887324,34.05,-117.96,1.586
3.9167,28.0,3.675767918088737,0.9829351535836177,1377.0,4.699658703071672,34.26,-118.44,1.539
1.7981,34.0,4.108695652173913,1.036231884057971,387.0,2.8043478260869565,34.07,-117.3,0.733
2.7317,33.0,4.368613138686132,1.051094890510949,1166.0,2.127737226277372,33.94,-118.12,2.647
1.8512,38.0,3.578343949044586,1.0254777070063694,1243.0,1.58343949044586,38.57,-121.48,1.141
1.5615,38.0,4.282918149466192,1.1209964412811388,1774.0,3.1565836298932384,33.94,-118.29,1.086
2.7128,26.0,5.492392807745505,1.1106500691562933,1792.0,2.4785615491009683,35.13,-120.62,2.099
3.385,44.0,3.1832358674463936,1.0448343079922027,741.0,1.4444444444444444,33.76,-118.14,4.083
3.1856,32.0,5.472081218274112,1.0507614213197969,555.0,2.817258883248731,37.68,-121.76,1.869
2.6364,39.0,5.3486529318541995,1.0443740095087164,1388.0,2.1996830427892236,37.98,-121.3,0.938
4.3333,29.0,6.023255813953488,1.0348837209302326,1687.0,3.2693798449612403,38.0,-122.31,1.708
2.8417,22.0,3.8372093023255816,1.069767441860465,2428.0,5.133192389006343,34.36,-119.05,1.625
2.9107,22.0,4.173076923076923,1.1403846153846153,850.0,1.6346153846153846,34.07,-118.4,5.00001
5.422,13.0,6.287610619469026,1.0587863463969658,4071.0,2.5733249051833123,33.69,-117.9,3.166
2.4137,21.0,5.386075949367089,1.1329113924050633,1347.0,4.262658227848101,36.73,-119.83,0.621
4.1316,52.0,5.174647887323943,0.9661971830985916,711.0,2.0028169014084507,34.44,-119.71,4.43
3.6042,13.0,4.461956521739131,1.1494565217391304,841.0,2.285326086956522,33.66,-117.9,2.26
2.25,34.0,3.9812206572769955,1.0704225352112675,1609.0,3.776995305164319,34.07,-118.0,1.385
1.869,43.0,5.966911764705882,1.0808823529411764,781.0,2.8713235294117645,36.76,-119.77,0.56
6.9014,21.0,8.379576107899807,1.0655105973025047,1680.0,3.2369942196531793,33.77,-117.79,4.39
2.8594,22.0,4.715214564369311,1.071521456436931,1800.0,2.340702210663199,32.76,-117.01,1.896
3.8644,47.0,5.336898395721925,0.9679144385026738,1651.0,2.942959001782531,34.07,-118.16,2.415
3.1838,32.0,5.689655172413793,1.1310344827586207,1124.0,3.8758620689655174,34.09,-117.48,0.986
2.5025,38.0,4.708971553610503,0.986870897155361,1320.0,2.888402625820569,37.79,-121.22,1.019
5.791,36.0,5.004048582995951,0.9271255060728745,880.0,3.562753036437247,37.39,-122.0,2.394
2.364,21.0,4.817097415506958,1.1133200795228628,1098.0,2.182902584493042,38.29,-122.46,1.733
0.4999,52.0,2.870967741935484,0.8548387096774194,152.0,2.4516129032258065,37.65,-121.01,0.825
2.6065,19.0,5.648175182481752,1.294890510948905,2086.0,3.0452554744525546,38.74,-121.27,1.549
3.5294,12.0,14.113821138211382,2.861788617886179,330.0,2.682926829268293,37.8,-119.07,1.607
2.4798,36.0,5.8120805369127515,1.0738255033557047,502.0,3.3691275167785233,37.79,-121.2,1.015
1.475,45.0,3.3065693430656933,1.0656934306569343,749.0,5.467153284671533,37.88,-122.3,1.875
1.6346,18.0,5.467532467532467,1.0805194805194804,974.0,2.52987012987013,39.5,-121.62,0.633
3.1364,25.0,7.626822157434402,1.5947521865889214,581.0,1.6938775510204083,33.76,-116.57,3.016
6.3111,42.0,5.1068376068376065,0.9871794871794872,1146.0,2.448717948717949,37.44,-122.13,3.974
2.5045,15.0,4.103932584269663,1.1657303370786516,924.0,2.595505617977528,36.74,-119.78,0.903
6.2223,52.0,5.959558823529412,1.0441176470588236,588.0,2.161764705882353,34.07,-118.34,5.00001
3.0398,5.0,5.054385964912281,1.024561403508772,1490.0,2.6140350877192984,37.63,-121.03,1.2
3.7292,52.0,4.566724436741768,1.0173310225303294,1302.0,2.2564991334488735,37.78,-122.47,4.167
2.7431,14.0,4.204081632653061,1.075801749271137,782.0,2.2798833819241984,34.15,-118.1,1.775
2.5806,20.0,5.568438003220612,1.0483091787439613,1465.0,2.359098228663446,35.44,-119.01,0.825
12.632,5.0,7.462962962962963,0.8888888888888888,208.0,3.8518518518518516,34.44,-119.31,5.00001
1.6452,35.0,3.7738589211618256,1.0352697095435686,1666.0,3.4564315352697097,34.03,-118.36,1.259
6.6134,4.0,6.560728744939271,0.9392712550607287,1552.0,3.1417004048582995,37.93,-121.97,3.07
3.7969,40.0,4.714285714285714,0.9081632653061225,1266.0,2.583673469387755,37.74,-122.5,2.978
6.0878,26.0,5.647058823529412,0.9019607843137255,1105.0,3.0952380952380953,37.47,-121.92,2.469
3.9792,3.0,7.2354485776805255,1.1155361050328227,7588.0,3.3207877461706783,34.48,-117.36,1.221
3.1094,15.0,4.40920716112532,0.9565217391304348,947.0,2.421994884910486,36.35,-119.66,0.919
2.0057,52.0,5.061728395061729,1.0781893004115226,609.0,2.506172839506173,37.96,-120.23,0.682
4.8523,36.0,5.620087336244541,1.017467248908297,779.0,3.4017467248908297,33.93,-117.99,1.758
1.59,49.0,4.39186295503212,1.0706638115631693,1525.0,3.2655246252676657,37.63,-121.0,0.809
1.4911,18.0,6.215859030837004,1.4537444933920705,494.0,2.1762114537444934,40.75,-122.31,0.758
7.5594,18.0,5.232456140350878,1.0219298245614035,475.0,2.0833333333333335,33.71,-118.39,5.00001
2.9469,40.0,5.159919028340081,0.9676113360323887,1275.0,2.580971659919028,38.1,-122.22,1.116
8.0287,11.0,8.007211538461538,0.9855769230769231,1460.0,3.5096153846153846,33.92,-117.85,3.718
7.5,35.0,6.282296650717703,0.9282296650717703,599.0,2.8660287081339715,34.06,-117.9,2.872
1.9688,31.0,4.10801393728223,1.0104529616724738,2302.0,4.010452961672474,35.23,-118.82,0.539
6.5843,20.0,7.351201478743068,0.9981515711645101,1886.0,3.4861367837338264,33.88,-117.86,2.722
2.5104,38.0,5.6798866855524075,1.0906515580736544,882.0,2.498583569405099,38.73,-120.81,1.205
8.0015,35.0,5.408163265306122,0.9744897959183674,444.0,2.2653061224489797,33.88,-118.4,5.00001
2.3562,28.0,4.174545454545455,1.0963636363636364,1277.0,2.321818181818182,32.65,-117.08,1.238
5.8964,36.0,5.932489451476793,0.9451476793248945,598.0,2.523206751054852,37.51,-122.27,4.148
5.2016,27.0,5.577464788732394,1.028169014084507,1346.0,2.7082494969818915,34.19,-118.65,2.43
5.8683,26.0,7.172862453531598,0.9535315985130112,1469.0,2.7304832713754648,32.79,-117.03,2.205
5.0329,14.0,8.022099447513812,1.1988950276243093,516.0,2.850828729281768,40.94,-124.05,1.656
3.375,32.0,6.373493975903615,1.0763052208835342,635.0,2.5502008032128516,32.8,-117.08,1.781
5.3994,23.0,5.019157088122605,1.0229885057471264,910.0,3.4865900383141764,37.44,-121.88,2.379
6.0487,15.0,7.616883116883117,0.948051948051948,450.0,2.9220779220779223,38.26,-122.07,1.977
5.5196,46.0,5.400568181818182,0.8380681818181818,833.0,2.366477272727273,37.94,-122.32,2.108
5.7519,27.0,7.331775700934579,1.1308411214953271,583.0,2.7242990654205608,37.66,-121.87,2.785
2.0871,20.0,3.5859154929577466,0.9971830985915493,1548.0,4.3605633802816905,33.64,-116.11,0.847
4.1667,9.0,5.583219645293315,1.0402455661664394,3630.0,2.47612551159618,34.03,-117.29,1.977
2.4828,17.0,5.4466177669111655,1.0562347188264058,2677.0,2.1817440912795436,34.1,-116.43,0.84
3.7,35.0,4.4914529914529915,1.106837606837607,517.0,2.2094017094017095,37.52,-122.27,3.397
5.3311,34.0,5.882911392405063,1.0696202531645569,2510.0,3.971518987341772,37.68,-122.49,2.708
3.0651,24.0,5.468386023294509,1.0274542429284526,2904.0,2.415973377703827,34.07,-117.17,1.08
8.3841,35.0,6.71689497716895,0.958904109589041,735.0,3.356164383561644,34.23,-118.52,4.722
3.84,42.0,4.315270935960591,1.064039408866995,713.0,3.5123152709359604,37.7,-122.46,2.359
3.175,37.0,5.337110481586402,1.0368271954674222,1052.0,2.9801699716713883,34.89,-117.04,0.668
3.9722,25.0,4.149,1.067,1749.0,1.749,34.0,-118.48,4.5
2.3333,52.0,3.8073701842546064,1.1105527638190955,1480.0,2.4790619765494135,34.09,-118.28,1.965
10.4415,7.0,8.825539568345324,1.0377697841726619,1883.0,3.3866906474820144,33.54,-117.71,4.538
7.1134,38.0,5.487341772151899,1.1033755274261603,870.0,1.8354430379746836,34.11,-118.38,4.167
3.8512,17.0,3.93812375249501,1.029940119760479,1112.0,2.219560878243513,33.83,-118.06,1.638
5.3638,3.0,6.444695259593679,1.0372460496613995,2874.0,3.2437923250564333,34.14,-117.55,2.063
3.475,11.0,5.549222797927461,1.0949913644214162,1975.0,3.4110535405872193,33.03,-116.9,1.672
4.5714,18.0,6.362917398945519,1.0764499121265378,4168.0,3.662565905096661,37.0,-121.57,2.603
5.7457,24.0,6.732793522267206,1.0182186234817814,1616.0,3.2712550607287447,33.89,-117.85,2.406
2.6875,16.0,5.022900763358779,1.047328244274809,1497.0,2.285496183206107,35.1,-120.6,1.782
2.0734,28.0,3.974063400576369,1.1109510086455332,2877.0,4.145533141210374,34.05,-117.73,1.133
2.895,18.0,4.30958904109589,1.084931506849315,1200.0,3.287671232876712,33.91,-118.08,1.469
3.5313,15.0,5.306425041186161,1.085667215815486,1390.0,2.2899505766062602,34.27,-118.67,1.918
5.4248,15.0,5.2927756653992395,1.015209125475285,681.0,2.5893536121673004,33.7,-117.77,1.872
0.8639,28.0,4.289377289377289,1.0952380952380953,1193.0,4.3699633699633695,35.38,-118.98,0.494
3.2596,48.0,5.145985401459854,1.1094890510948905,677.0,2.4708029197080292,34.11,-118.05,2.724
10.2811,34.0,8.127371273712738,0.989159891598916,927.0,2.5121951219512195,37.45,-122.25,5.00001
6.7962,4.0,6.205936920222634,1.0241187384044528,1525.0,2.829313543599258,33.67,-117.8,3.291
1.7778,30.0,3.447058823529412,1.0329411764705883,862.0,2.028235294117647,37.87,-122.27,2.688
4.5167,24.0,5.977667493796526,1.15136476426799,1006.0,2.496277915632754,38.54,-122.62,2.652
2.505,11.0,5.459047619047619,1.2457142857142858,1404.0,2.6742857142857144,38.03,-121.3,0.95
3.0833,24.0,2.8472222222222223,0.9801587301587301,3171.0,6.291666666666667,33.74,-117.9,1.517
7.9187,3.0,6.31275720164609,1.0164609053497942,1357.0,2.792181069958848,33.68,-117.82,3.336
3.725,32.0,6.266272189349112,1.0207100591715976,1019.0,3.014792899408284,38.68,-121.42,1.122
3.875,46.0,4.0,1.0,59.0,4.538461538461538,33.12,-117.11,2.0
15.0001,46.0,9.203947368421053,0.9736842105263158,410.0,2.6973684210526314,34.08,-118.42,5.00001
3.7976,17.0,4.703571428571428,1.144642857142857,1454.0,2.5964285714285715,33.67,-117.83,2.75
4.0875,52.0,4.538181818181818,1.029090909090909,620.0,2.2545454545454544,37.89,-122.3,2.213
3.5156,42.0,4.794621026894865,1.0440097799511003,1211.0,2.960880195599022,37.71,-122.47,2.394
4.4531,25.0,4.5064935064935066,1.0649350649350648,148.0,1.922077922077922,37.39,-122.05,3.5
4.1071,37.0,6.272842639593908,1.0799492385786802,2164.0,2.746192893401015,33.76,-117.87,3.113
4.7515,18.0,5.260416666666667,1.0873397435897436,3079.0,2.4671474358974357,33.71,-118.01,2.956
2.3281,28.0,5.8817733990147785,1.3399014778325122,494.0,2.4334975369458127,38.93,-119.98,0.858
3.6471,12.0,4.628378378378378,1.239864864864865,1022.0,3.4527027027027026,33.86,-117.97,1.417
3.0357,33.0,4.359756097560975,1.048780487804878,1165.0,3.551829268292683,34.08,-118.09,2.06
6.0302,52.0,5.8203125,0.9296875,634.0,2.4765625,37.81,-122.24,2.873
3.1389,31.0,5.374631268436578,1.1002949852507375,2229.0,3.2876106194690267,38.02,-121.87,1.178
5.6163,33.0,6.419148936170213,1.0510638297872341,1423.0,3.027659574468085,34.19,-118.64,2.484
4.5382,39.0,4.972560975609756,0.9817073170731707,1034.0,3.152439024390244,33.92,-118.08,1.657
3.8672,36.0,5.769565217391304,0.908695652173913,613.0,2.6652173913043478,38.6,-121.42,1.114
3.6838,13.0,6.329305135951661,1.1812688821752266,860.0,2.598187311178248,38.03,-120.28,1.457
2.4338,49.0,4.703933747412008,1.031055900621118,1621.0,3.3561076604554865,37.77,-122.2,1.024
4.25,27.0,5.17825311942959,1.0463458110516934,1781.0,3.1746880570409983,33.76,-118.02,2.148
2.4821,26.0,4.125,1.1182432432432432,620.0,2.0945945945945947,32.76,-117.12,1.236
3.6625,35.0,4.8986175115207375,1.044546850998464,1882.0,2.890937019969278,33.9,-118.32,1.88
3.7014,32.0,4.957746478873239,1.0809859154929577,1331.0,4.686619718309859,33.82,-117.91,1.796
3.2425,45.0,4.678474114441417,1.0599455040871935,916.0,2.4959128065395095,38.81,-123.02,1.388
6.1463,6.0,7.181262729124236,1.1384928716904277,1378.0,2.8065173116089612,37.3,-121.76,3.355
3.1305,25.0,4.310077519379845,1.124031007751938,985.0,1.9089147286821706,33.64,-117.92,2.688
3.2957,35.0,4.7706855791962175,1.0685579196217494,3878.0,4.583924349881797,34.1,-117.96,1.416
2.2895,10.0,4.345454545454546,0.9136363636363637,693.0,3.15,36.3,-119.7,0.62
11.7045,40.0,7.764044943820225,0.9382022471910112,483.0,2.7134831460674156,34.04,-118.51,5.00001
3.4844,28.0,5.18018018018018,0.9436936936936937,1312.0,2.954954954954955,34.08,-117.42,1.277
2.5523,36.0,3.9307692307692306,1.0217948717948717,3097.0,3.9705128205128206,34.09,-118.17,1.565
1.7262,36.0,4.521604938271605,1.0679012345679013,1147.0,3.5401234567901234,33.92,-118.27,0.888
4.2434,37.0,4.826732673267327,0.9356435643564357,489.0,2.4207920792079207,34.03,-118.44,3.31
4.8984,8.0,5.023255813953488,0.9069767441860465,626.0,3.63953488372093,32.56,-117.09,1.515
3.9518,4.0,5.472542372881356,1.0888135593220338,4323.0,2.930847457627119,38.33,-122.67,2.203
2.375,20.0,3.69811320754717,1.0817610062893082,864.0,2.7169811320754715,34.22,-118.38,1.777
3.1486,14.0,5.218340611353712,0.9606986899563319,568.0,2.480349344978166,36.33,-119.35,1.056
2.7121,29.0,4.163716814159292,1.0870206489675516,1723.0,2.5412979351032448,33.89,-118.13,1.655
4.6,27.0,6.304347826086956,0.9723320158102767,610.0,2.411067193675889,38.65,-121.34,1.99
2.0521,26.0,4.893371757925072,1.015850144092219,2446.0,3.5244956772334293,37.57,-120.91,0.654
3.5954,13.0,5.387195121951219,1.0416666666666667,2870.0,2.9166666666666665,34.04,-117.7,1.63
2.5787,35.0,4.14662273476112,1.0906095551894563,1883.0,3.102141680395387,34.08,-118.13,2.23
3.1702,25.0,4.316570486397362,1.0882110469909316,2529.0,2.084913437757626,37.34,-121.95,2.561
5.4555,36.0,6.395652173913043,1.0695652173913044,751.0,3.265217391304348,34.12,-118.02,3.951
3.2792,40.0,4.452975047984645,1.0786948176583493,1499.0,2.8771593090211134,37.76,-122.51,2.608
3.9914,3.0,6.205776173285199,1.0884476534296028,1602.0,2.891696750902527,38.66,-121.46,1.205
3.2632,52.0,4.745652173913044,1.0108695652173914,1129.0,2.4543478260869565,37.8,-122.22,2.277
2.5143,52.0,4.971938775510204,1.1020408163265305,767.0,1.9566326530612246,34.05,-117.19,1.176
6.1244,20.0,6.3304347826086955,1.0434782608695652,360.0,3.130434782608696,34.42,-118.88,3.75
2.137,37.0,3.8529411764705883,1.1575630252100841,1967.0,4.132352941176471,33.79,-118.19,1.266
6.6086,12.0,5.775956284153006,1.0027322404371584,2594.0,3.5437158469945356,37.44,-121.9,2.994
3.2386,13.0,3.537142857142857,1.0895238095238096,838.0,1.5961904761904762,33.7,-117.89,1.292
5.4122,52.0,6.132530120481928,1.0481927710843373,775.0,2.3343373493975905,34.11,-118.28,3.975
2.1746,20.0,4.711111111111111,1.0464646464646465,1856.0,3.7494949494949497,39.74,-122.01,0.587
6.3767,24.0,6.37987012987013,1.073051948051948,1831.0,2.9724025974025974,33.67,-117.81,2.69
3.2865,52.0,4.8839590443686,1.023890784982935,657.0,2.242320819112628,36.62,-121.91,2.401
5.0704,15.0,5.629955947136564,0.9955947136563876,8997.0,3.6031237484981977,34.02,-117.9,2.262
2.7694,32.0,4.473007712082262,1.025706940874036,1563.0,4.017994858611825,36.76,-121.75,1.324
3.6398,27.0,5.952702702702703,1.0518018018018018,1455.0,3.277027027027027,38.21,-121.32,1.467
5.8491,36.0,6.671949286846276,1.0412044374009508,1911.0,3.028526148969889,33.79,-118.09,2.473
3.6908,38.0,4.962825278810409,1.0483271375464684,1011.0,3.758364312267658,33.92,-118.08,1.575
3.3214,24.0,9.308474576271186,1.7423728813559323,731.0,2.477966101694915,33.36,-116.34,1.764
3.625,37.0,5.325892857142857,0.9151785714285714,488.0,2.1785714285714284,34.03,-118.44,3.576
4.125,36.0,5.649681528662421,1.0382165605095541,482.0,3.070063694267516,33.85,-118.11,2.195
4.3875,17.0,5.504983388704319,1.0598006644518272,1873.0,3.111295681063123,37.6,-122.04,2.385
3.575,52.0,4.695652173913044,1.0347826086956522,1181.0,2.053913043478261,37.75,-122.43,3.968
3.9702,27.0,4.823886639676114,0.9554655870445344,2079.0,4.208502024291498,34.01,-117.9,1.414
5.1702,18.0,4.333333333333333,1.1508295625942684,1243.0,1.8748114630467572,37.76,-122.29,2.654
2.6048,17.0,6.130620985010706,1.423982869379015,715.0,1.531049250535332,33.02,-117.07,1.482
5.726,41.0,5.267241379310345,1.0201149425287357,847.0,2.4339080459770117,33.97,-118.37,2.878
2.7993,37.0,4.422062350119904,0.9160671462829736,1634.0,3.918465227817746,37.47,-122.15,1.455
2.9506,35.0,5.063457330415755,0.9693654266958425,954.0,2.087527352297593,36.79,-119.81,0.738
2.875,30.0,4.731152204836415,1.0611664295874823,1704.0,2.4238975817923185,37.77,-122.17,1.353
3.4048,30.0,7.088541666666667,1.5208333333333333,628.0,1.6354166666666667,36.55,-121.94,4.871
5.4087,25.0,5.843501326259947,0.9734748010610079,1194.0,3.1671087533156497,34.26,-119.2,2.232
8.5608,42.0,6.788461538461538,1.0115384615384615,753.0,2.896153846153846,34.42,-119.63,5.00001
1.8672,43.0,5.050125313283208,1.050125313283208,1543.0,3.8671679197994986,33.96,-118.25,0.981
2.125,50.0,4.242424242424242,1.071969696969697,697.0,2.640151515151515,37.85,-122.26,1.4
2.5521,38.0,2.859848484848485,1.0113636363636365,2899.0,3.6603535353535355,34.08,-118.27,1.575
2.1287,17.0,4.0633608815427,1.1101928374655647,943.0,2.597796143250689,38.95,-121.1,0.553
7.5813,20.0,8.197943444730077,1.0796915167095116,1234.0,3.172236503856041,37.36,-121.81,3.741
3.0704,18.0,5.365748709122203,1.0611015490533562,4127.0,3.5516351118760756,33.19,-117.29,1.516
7.0526,18.0,6.117283950617284,0.9259259259259259,1027.0,3.169753086419753,33.88,-117.82,3.275
7.1937,36.0,5.7784615384615385,0.9938461538461538,846.0,2.603076923076923,33.81,-118.09,2.544
3.3816,52.0,4.4869888475836435,1.1226765799256506,1008.0,3.7472118959107807,37.75,-122.42,2.625
4.1492,34.0,4.3192019950124685,0.9950124688279302,1120.0,2.7930174563591024,34.25,-118.47,1.957
3.6434,51.0,4.6006006006006,1.0990990990990992,669.0,2.009009009009009,34.09,-118.26,2.788
9.6023,21.0,8.286652078774617,1.0765864332603938,1246.0,2.726477024070022,32.79,-117.06,3.913
3.1364,18.0,3.629032258064516,1.2594086021505377,1042.0,1.4005376344086022,36.59,-121.89,1.5
2.5742,32.0,3.3523809523809525,1.2571428571428571,313.0,2.980952380952381,37.78,-122.4,3.5
2.6619,25.0,4.090425531914893,1.1382978723404256,2868.0,3.8138297872340425,34.13,-117.9,1.176
3.8173,31.0,4.896193771626297,1.1730103806228374,874.0,3.0242214532871974,33.91,-118.31,1.779
1.8793,38.0,5.744588744588745,1.1341991341991342,784.0,3.393939393939394,33.12,-115.52,0.608
11.3176,28.0,8.082289803220036,1.033989266547406,1489.0,2.663685152057245,37.38,-122.21,5.00001
3.9375,24.0,7.662721893491124,1.1952662721893492,1093.0,3.2337278106508878,34.87,-120.33,3.412
10.157,8.0,9.180451127819548,1.1077694235588973,2569.0,3.219298245614035,33.83,-117.81,4.771
3.0426,9.0,4.548,1.1536,3773.0,3.0184,33.13,-117.09,1.299
3.7277,38.0,5.625766871165644,1.0674846625766872,1390.0,2.8425357873210633,37.94,-122.32,1.651
4.6406,34.0,5.0424528301886795,1.0235849056603774,601.0,2.8349056603773586,33.87,-118.34,2.559
1.4688,16.0,4.7611940298507465,1.0149253731343284,212.0,3.1641791044776117,33.99,-116.79,0.9
4.2972,34.0,4.133458646616542,0.9943609022556391,1193.0,2.242481203007519,37.44,-122.16,4.059
1.4617,25.0,3.341708542713568,1.067001675041876,743.0,1.2445561139028476,33.76,-118.08,0.469
5.5631,4.0,5.486666666666666,1.07,859.0,2.8633333333333333,33.71,-117.77,2.278
2.3977,11.0,5.483333333333333,1.0916666666666666,376.0,3.1333333333333333,33.97,-116.86,0.58
6.1014,44.0,5.280104712041885,0.8979057591623036,958.0,2.507853403141361,34.01,-118.47,4.801
3.4706,23.0,5.555555555555555,0.9428571428571428,1012.0,3.212698412698413,38.89,-121.3,0.993
2.5893,29.0,5.672077922077922,1.0746753246753247,1781.0,2.8912337662337664,36.8,-119.76,0.709
4.1923,47.0,5.152694610778443,1.026946107784431,834.0,2.497005988023952,34.19,-118.34,2.312
3.5481,36.0,4.767045454545454,0.9176136363636364,1380.0,3.9204545454545454,33.97,-118.08,1.633
5.1701,37.0,5.598870056497175,1.0169491525423728,463.0,2.615819209039548,37.54,-122.28,2.942
2.8427,27.0,3.2203098106712567,0.9569707401032702,2542.0,4.3752151462994835,33.98,-118.17,1.644
4.0795,39.0,3.5185185185185186,1.1181657848324515,867.0,1.529100529100529,33.75,-118.14,4.0
1.3904,30.0,3.919753086419753,1.126543209876543,840.0,2.5925925925925926,40.44,-122.29,0.481
4.5417,45.0,6.395017793594306,1.0782918149466192,870.0,3.096085409252669,37.19,-121.8,4.345
3.8398,32.0,6.23046875,1.109375,1614.0,3.15234375,34.12,-117.37,1.182
3.2788,29.0,5.2620689655172415,1.032183908045977,1215.0,2.793103448275862,38.01,-121.3,1.0
3.7361,19.0,5.03416149068323,1.0186335403726707,871.0,2.7049689440993787,33.88,-117.86,2.014
3.5227,8.0,6.779245283018868,1.2433962264150944,1710.0,3.2264150943396226,38.48,-121.46,0.931
3.0,32.0,4.899135446685879,1.0605187319884726,1487.0,2.142651296829971,37.7,-122.07,2.232
3.1136,27.0,6.271604938271605,1.1481481481481481,263.0,3.246913580246914,37.73,-120.86,1.833
3.0087,19.0,4.3125,0.98,920.0,2.3,33.84,-117.86,1.594
6.3761,16.0,6.366071428571429,0.9709821428571429,1083.0,2.4174107142857144,33.03,-117.04,2.962
4.8393,36.0,6.248062015503876,1.0051679586563307,1138.0,2.9405684754521966,33.85,-118.11,2.163
5.7762,45.0,5.572695035460993,0.9804964539007093,1153.0,2.0443262411347516,34.07,-118.39,5.00001
3.0526,28.0,8.13076923076923,1.9153846153846155,288.0,2.2153846153846155,36.16,-121.39,1.469
3.6591,52.0,5.673076923076923,0.9153846153846154,736.0,2.830769230769231,37.96,-121.3,1.051
2.3438,36.0,5.023952095808383,0.9461077844311377,446.0,2.6706586826347305,38.45,-121.83,1.227
5.0434,26.0,5.549822064056939,1.0,1459.0,2.596085409252669,34.43,-119.74,3.404
3.5491,41.0,4.423076923076923,0.9576923076923077,729.0,2.8038461538461537,37.35,-121.98,2.611
2.6561,14.0,3.076837416481069,1.066815144766147,6799.0,3.785634743875278,33.75,-117.87,1.444
1.6654,15.0,4.90625,1.115625,1645.0,2.5703125,41.78,-124.19,0.746
1.775,44.0,4.299270072992701,0.948905109489051,504.0,3.678832116788321,34.1,-117.3,0.634
5.0562,52.0,5.539759036144578,1.0626506024096385,1252.0,3.016867469879518,37.77,-122.5,3.367
4.9167,33.0,6.454545454545454,1.0909090909090908,91.0,2.757575757575758,38.25,-122.24,1.875
2.2125,34.0,3.7578692493946733,1.0750605326876512,2093.0,5.067796610169491,33.9,-118.2,1.032
5.8411,34.0,6.49800796812749,1.0617529880478087,1265.0,2.5199203187250996,34.47,-119.72,3.818
2.1786,44.0,4.109589041095891,0.9863013698630136,160.0,2.191780821917808,37.8,-121.21,1.208
3.5035,37.0,3.9386973180076628,1.053639846743295,904.0,3.4636015325670497,37.7,-122.46,2.386
2.8043,27.0,4.0627450980392155,1.0470588235294118,1118.0,2.1921568627450982,32.75,-117.21,2.621
1.6116,52.0,3.70625,1.065625,1038.0,3.24375,38.59,-121.48,0.705
8.2335,37.0,5.098468271334792,0.949671772428884,846.0,1.851203501094092,34.11,-118.33,4.302
5.3777,41.0,5.479400749063671,1.0,601.0,2.250936329588015,34.06,-118.43,5.00001
3.0862,45.0,5.633540372670807,1.1677018633540373,479.0,2.9751552795031055,37.94,-122.36,0.79
3.8068,34.0,7.341317365269461,1.0778443113772456,359.0,2.1497005988023954,38.63,-121.39,1.504
15.0001,32.0,9.166340508806263,1.0567514677103718,1512.0,2.958904109589041,37.56,-122.36,5.00001
5.2292,52.0,6.293457943925234,1.0186915887850467,1427.0,2.6672897196261682,34.11,-118.14,4.445
3.2344,40.0,5.090196078431372,1.0862745098039215,791.0,3.1019607843137256,33.98,-118.32,1.043
3.0526,24.0,4.5283950617283955,1.0987654320987654,3151.0,3.8901234567901235,34.29,-118.46,1.833
2.7009,35.0,5.752631578947368,1.0105263157894737,590.0,3.1052631578947367,38.69,-121.37,0.802
2.5321,35.0,4.196601941747573,1.0631067961165048,1308.0,3.174757281553398,34.06,-118.12,1.972
4.2259,3.0,6.495501285347044,1.143637532133676,8361.0,2.6866966580976865,38.77,-121.33,1.693
6.67,11.0,6.4950678175092476,0.998766954377312,4409.0,2.718249075215783,33.8,-117.79,2.832
3.0313,45.0,4.249329758713137,0.8820375335120644,981.0,2.6300268096514747,37.95,-122.33,1.358
8.163,10.0,6.0,1.0,128.0,2.098360655737705,33.49,-117.67,2.5
4.869,35.0,5.372596153846154,0.9375,1148.0,2.7596153846153846,34.27,-118.5,2.216
2.6962,36.0,4.096997690531178,1.1039260969976905,1648.0,1.9030023094688222,32.74,-117.25,2.882
2.6417,13.0,5.8215297450424925,1.1997167138810199,1796.0,2.543909348441926,38.2,-120.57,1.223
3.2228,28.0,3.58004158004158,1.1143451143451144,1161.0,2.413721413721414,34.03,-118.39,2.325
1.6607,20.0,4.625,0.9847560975609756,1287.0,3.923780487804878,38.64,-121.46,0.67
4.3875,52.0,6.275,0.9708333333333333,478.0,1.9916666666666667,32.77,-117.11,3.0
3.1042,2.0,6.877551020408164,1.1224489795918366,115.0,2.3469387755102042,33.93,-117.27,1.648
4.4628,26.0,6.059561128526646,0.9905956112852664,1001.0,3.1379310344827585,34.65,-120.48,1.344
3.4,44.0,4.688235294117647,1.1441176470588235,832.0,2.447058823529412,34.18,-118.32,2.121
1.4732,28.0,4.96078431372549,0.9803921568627451,201.0,3.9411764705882355,38.03,-121.16,1.563
4.1944,8.0,2.909090909090909,0.8181818181818182,26.0,2.3636363636363638,33.63,-117.8,2.708
5.0594,41.0,5.851985559566787,1.0072202166064983,756.0,2.729241877256318,33.92,-118.42,3.46
4.75,35.0,5.626984126984127,1.1031746031746033,1247.0,3.298941798941799,33.86,-117.94,1.856
2.6392,26.0,3.8322649572649574,1.1047008547008548,1821.0,1.9455128205128205,37.78,-122.43,2.875
4.763,11.0,5.184824902723736,1.027237354085603,2801.0,2.7247081712062258,34.28,-119.16,2.327
3.6974,36.0,5.355305466237942,1.0337620578778135,1903.0,3.059485530546624,32.73,-117.08,1.22
2.3393,16.0,7.370165745856354,1.425414364640884,915.0,2.527624309392265,40.82,-121.41,0.903
3.3929,31.0,6.951704545454546,1.3210227272727273,1313.0,3.7301136363636362,37.21,-120.24,0.938
6.0088,36.0,5.3752808988764045,0.9977528089887641,1346.0,3.0247191011235954,33.89,-118.34,2.459
2.95,13.0,4.515151515151516,1.1774891774891776,1356.0,2.935064935064935,33.87,-118.0,1.656
3.8611,37.0,5.429223744292237,1.1324200913242009,627.0,2.863013698630137,39.22,-121.64,1.0
2.2027,32.0,3.2301255230125525,1.0711297071129706,1981.0,2.0721757322175733,33.88,-118.13,1.927
2.5887,13.0,5.311004784688995,1.0334928229665072,602.0,2.8803827751196174,39.08,-121.1,1.444
1.5743,31.0,4.544871794871795,0.9807692307692307,1219.0,3.907051282051282,35.36,-118.97,0.467
5.1896,14.0,6.170984455958549,0.9766839378238342,1278.0,3.3108808290155443,36.31,-119.29,1.019
2.1515,6.0,5.440366972477064,1.073394495412844,1135.0,5.206422018348624,36.72,-119.55,0.639
2.1357,17.0,4.324503311258278,1.0684326710816776,1763.0,3.891832229580574,35.2,-118.83,0.535
1.3444,47.0,3.793307086614173,1.1043307086614174,1349.0,2.655511811023622,34.03,-118.34,1.25
1.4038,12.0,3.8353909465020575,1.0041152263374487,1043.0,4.292181069958848,36.76,-120.38,0.543
2.2024,20.0,5.277777777777778,1.037037037037037,304.0,2.814814814814815,37.76,-120.9,1.563
5.3468,42.0,6.364321608040201,1.0879396984924623,957.0,2.4045226130653266,37.16,-121.98,2.799
6.2715,16.0,6.835051546391752,0.9965635738831615,814.0,2.797250859106529,32.9,-117.09,2.551
1.5,12.0,4.176980198019802,1.1695544554455446,2357.0,2.917079207920792,32.71,-117.09,1.063
12.9792,23.0,8.219827586206897,1.0452586206896552,1344.0,2.896551724137931,37.35,-122.15,5.00001
4.693,11.0,5.873096446700508,1.0507614213197969,2760.0,2.802030456852792,34.23,-119.01,2.322
5.4544,26.0,6.550819672131148,0.9868852459016394,874.0,2.865573770491803,32.81,-117.02,1.809
3.3021,20.0,5.0,1.0271317829457365,2088.0,2.697674418604651,38.29,-122.27,1.527
2.2411,20.0,3.835570469798658,1.1610738255033557,578.0,1.9395973154362416,37.96,-122.04,1.518
2.9911,52.0,3.9228395061728394,1.0895061728395061,1076.0,3.3209876543209877,37.74,-122.42,2.639
2.902,15.0,5.6092619392185235,1.125904486251809,1960.0,2.8364688856729376,38.91,-120.88,1.273
4.0182,28.0,6.123924268502582,1.0137693631669535,1742.0,2.9982788296041307,38.67,-121.24,1.317
2.6726,29.0,7.2,1.0731707317073171,902.0,4.4,35.64,-119.19,0.833
5.2557,25.0,5.343373493975903,0.9623493975903614,2653.0,3.9954819277108435,34.02,-118.06,1.888
2.2297,35.0,2.5810055865921786,0.9748603351955307,1376.0,3.8435754189944134,33.95,-118.37,2.625
5.1271,36.0,6.026706231454006,1.0059347181008902,817.0,2.4243323442136497,33.81,-118.37,4.583
5.7524,52.0,5.794466403162056,1.0039525691699605,600.0,2.3715415019762847,34.08,-118.37,3.936
3.6791,37.0,4.389204545454546,0.96875,1909.0,5.423295454545454,34.25,-118.42,1.481
4.6855,5.0,6.631184407796102,1.143928035982009,1906.0,2.8575712143928036,33.88,-116.53,1.252
7.3644,16.0,7.025134649910234,1.014362657091562,1752.0,3.1454219030520645,37.54,-122.27,4.197
7.9367,23.0,9.1768115942029,1.191304347826087,1092.0,3.1652173913043478,33.62,-117.86,5.00001
3.235,12.0,6.094650205761317,1.0905349794238683,757.0,3.1152263374485596,33.64,-117.19,2.107
7.139,34.0,7.094,1.046,1187.0,2.374,34.16,-118.5,4.24
5.0299,40.0,5.815384615384615,0.9384615384615385,371.0,2.853846153846154,33.89,-118.36,3.292
2.7219,15.0,6.724137931034483,1.3653962492437992,4122.0,2.4936479128856623,33.82,-116.39,0.744
2.9063,52.0,6.590443686006826,1.1228668941979523,1025.0,3.4982935153583616,37.73,-122.39,1.92
4.7831,24.0,5.303875968992248,1.0170542635658915,2220.0,3.441860465116279,34.22,-119.03,2.142
5.1067,40.0,6.353430353430354,1.0166320166320166,1103.0,2.2931392931392933,37.93,-122.32,2.473
3.25,22.0,5.788235294117647,1.035294117647059,451.0,2.652941176470588,35.39,-119.11,0.889
4.8988,13.0,5.113243761996161,0.9942418426103646,1468.0,2.817658349328215,34.32,-118.47,3.252
2.4717,37.0,4.748633879781421,1.1010928961748634,936.0,2.557377049180328,37.77,-120.85,0.771
4.5726,32.0,5.864457831325301,1.069277108433735,1786.0,5.379518072289157,33.73,-117.88,1.775
4.5648,36.0,4.864468864468864,1.0512820512820513,823.0,3.0146520146520146,34.21,-118.52,1.937
3.6587,45.0,5.343839541547278,1.0315186246418337,973.0,2.7879656160458453,34.16,-118.27,3.212
3.5,33.0,4.48,1.04,843.0,4.215,33.84,-118.29,1.83
3.7917,24.0,5.3580246913580245,0.9547325102880658,693.0,2.8518518518518516,36.61,-119.45,0.905
3.225,37.0,5.139841688654354,1.04221635883905,1163.0,3.0686015831134563,33.96,-118.04,1.54
5.7535,18.0,5.281012658227848,1.0202531645569621,3226.0,4.083544303797468,37.66,-122.47,2.979
2.875,34.0,4.235849056603773,1.009433962264151,918.0,2.1650943396226414,32.77,-117.03,1.612
3.9375,52.0,4.688693098384729,1.0102790014684289,2099.0,3.0822320117474304,37.77,-122.46,4.029
2.6641,31.0,5.035714285714286,1.088235294117647,1407.0,2.9558823529411766,33.94,-117.96,1.852
10.0743,50.0,7.868525896414343,0.9760956175298805,644.0,2.5657370517928286,37.56,-122.33,5.00001
5.5111,16.0,5.7167470709855275,1.0379048931771193,3903.0,2.68986905582357,34.25,-118.61,2.766
5.6629,36.0,5.665116279069768,0.9832558139534884,3081.0,2.866046511627907,37.46,-122.23,3.436
6.8686,35.0,6.666666666666667,1.053030303030303,352.0,2.6666666666666665,37.89,-122.09,4.065
1.8363,37.0,4.62882096069869,1.1703056768558953,823.0,3.593886462882096,33.12,-117.08,1.455
4.3819,25.0,4.996638655462185,1.0453781512605043,1413.0,2.3747899159663866,37.7,-122.1,2.092
3.2578,38.0,4.408510638297872,0.9617021276595744,1058.0,4.502127659574468,34.07,-118.09,1.842
4.8603,16.0,6.790155440414508,1.077720207253886,1247.0,3.2305699481865284,38.24,-122.6,1.984
1.5667,15.0,6.378494623655914,1.4387096774193548,1007.0,2.1655913978494623,35.64,-118.33,0.725
1.9928,42.0,4.077844311377246,1.0219560878243512,1634.0,3.2614770459081837,34.03,-118.35,1.254
4.7695,23.0,4.933970460469157,1.103388357949609,2690.0,2.3370981754995657,37.77,-122.27,2.917
6.6447,20.0,6.170940170940171,1.0213675213675213,2757.0,2.9455128205128207,33.77,-118.31,4.168
1.9875,19.0,6.6375,1.4,139.0,1.7375,38.29,-122.28,3.25
4.8646,36.0,5.488970588235294,1.0477941176470589,766.0,2.8161764705882355,34.22,-118.51,2.132
2.4595,36.0,4.343692870201097,0.9890310786106032,1505.0,2.7513711151736744,34.45,-119.28,1.976
4.7885,36.0,5.935275080906149,1.022653721682848,864.0,2.796116504854369,34.21,-118.34,3.022
3.4063,39.0,4.726943942133816,1.0289330922242315,1665.0,3.0108499095840866,34.04,-118.38,2.716
1.7572,18.0,4.732142857142857,1.0816326530612246,1839.0,4.691326530612245,35.89,-119.27,0.533
3.2708,35.0,3.542391304347826,1.0510869565217391,2003.0,2.1771739130434784,33.95,-118.38,4.0
6.4894,16.0,7.381656804733728,0.9792899408284024,1118.0,3.3076923076923075,38.37,-122.02,1.98
2.5141,19.0,5.084745762711864,1.064406779661017,2202.0,3.7322033898305085,36.55,-119.4,0.674
2.8893,39.0,5.01948051948052,0.9448051948051948,833.0,2.7045454545454546,33.18,-117.36,1.854
4.4107,31.0,5.69164265129683,1.07492795389049,918.0,2.645533141210375,33.93,-117.97,2.02
4.675,33.0,6.06043956043956,1.0796703296703296,973.0,2.673076923076923,33.94,-118.12,2.83
3.1753,27.0,5.134228187919463,1.0033557046979866,2212.0,2.4742729306487696,35.35,-119.04,0.85
2.3375,26.0,2.847297297297297,1.022972972972973,2660.0,3.5945945945945947,34.07,-118.3,2.823
3.194,24.0,4.911764705882353,1.1561085972850678,870.0,1.9683257918552035,33.06,-117.3,2.763
3.4836,27.0,3.5549412577747064,1.0234968901174843,2518.0,1.7401520387007603,37.58,-122.33,2.879
1.5089,47.0,3.9046153846153846,0.9938461538461538,1628.0,5.009230769230769,34.01,-118.26,1.158
2.4688,40.0,3.6472303206997085,0.9795918367346939,729.0,2.1253644314868803,33.79,-117.85,2.364
1.6509,17.0,6.153846153846154,1.4871794871794872,333.0,2.8461538461538463,33.69,-114.56,0.857
2.06,40.0,5.28021978021978,1.0934065934065933,509.0,2.7967032967032965,34.15,-117.3,0.855
2.9386,18.0,4.895196506550218,1.1379912663755458,4028.0,3.517903930131004,34.06,-117.53,1.164
2.5882,33.0,4.376146788990826,1.1055045871559632,655.0,3.0045871559633026,33.91,-118.26,0.928
5.9073,35.0,5.837340876944837,0.9745403111739745,1596.0,2.257425742574257,37.89,-122.53,4.004
2.2284,25.0,4.617521367521367,0.9871794871794872,896.0,1.9145299145299146,32.83,-117.14,1.775
3.4345,37.0,4.486486486486487,1.0165165165165164,2354.0,3.5345345345345347,33.76,-117.88,2.355
5.0753,35.0,5.5125,1.1208333333333333,1084.0,4.516666666666667,33.9,-118.11,1.78
2.5809,27.0,4.898601398601398,1.027972027972028,1306.0,4.566433566433567,34.96,-120.57,0.832
2.2907,39.0,3.297658862876254,1.2073578595317727,1347.0,4.505016722408027,34.08,-118.21,1.339
2.7708,30.0,3.619389587073609,1.1166965888689409,1359.0,2.4398563734290843,34.17,-118.38,1.923
3.4211,43.0,4.615101289134438,0.9779005524861878,1230.0,2.265193370165746,33.8,-118.14,2.039
5.5413,26.0,6.568421052631579,1.0710526315789475,1062.0,2.794736842105263,32.81,-117.21,3.021
8.0257,48.0,7.781045751633987,1.1274509803921569,859.0,2.80718954248366,34.04,-118.49,5.00001
4.475,43.0,5.635658914728682,0.9069767441860465,683.0,2.647286821705426,37.94,-122.07,2.657
4.875,27.0,7.260869565217392,1.2173913043478262,130.0,2.8260869565217392,33.45,-117.64,2.841
1.5774,31.0,5.391379310344828,1.1448275862068966,1345.0,2.3189655172413794,40.14,-120.94,0.58
6.2028,35.0,6.326530612244898,1.0136054421768708,1167.0,2.6462585034013606,33.72,-118.3,3.615
4.2031,29.0,4.844236760124611,1.0124610591900312,1212.0,1.8878504672897196,34.15,-118.39,3.944
3.5703,43.0,4.721875,0.9125,721.0,2.253125,37.97,-121.33,0.874
3.6548,29.0,4.6434540389972145,0.9916434540389972,2919.0,4.0654596100278555,34.3,-118.42,1.803
2.1927,43.0,4.32994923857868,1.011844331641286,1820.0,3.0795262267343486,38.68,-121.77,1.079
5.2088,25.0,5.885304659498208,1.064516129032258,1146.0,4.10752688172043,37.34,-121.8,2.314
3.1023,23.0,5.161375661375661,1.0449735449735449,901.0,2.3835978835978837,32.84,-117.01,1.433
4.9504,5.0,5.63010752688172,1.0365591397849463,4361.0,3.1261648745519715,38.13,-122.19,2.148
2.2188,38.0,3.5743073047858944,1.035264483627204,1226.0,3.08816120906801,38.13,-121.26,0.688
4.3553,15.0,6.095588235294118,1.0161764705882352,1872.0,2.7529411764705882,39.0,-121.15,2.206
4.7639,49.0,5.304964539007092,1.044917257683215,1948.0,4.6052009456264775,37.71,-122.45,2.515
4.0,16.0,5.145748987854251,1.008097165991903,1022.0,2.068825910931174,33.66,-117.8,2.234
2.1776,42.0,4.233160621761658,1.005181347150259,391.0,2.0259067357512954,36.63,-121.91,2.792
3.3472,31.0,6.1305114638447975,1.1358024691358024,1476.0,2.6031746031746033,35.63,-120.72,1.952
4.3462,36.0,5.919491525423729,1.1080508474576272,1334.0,2.8262711864406778,34.22,-118.51,2.221
3.0521,38.0,4.936708860759493,0.9525316455696202,1331.0,4.212025316455696,37.47,-122.15,1.515
5.9224,24.0,6.349397590361446,1.0068846815834767,1898.0,3.2667814113597244,34.18,-118.94,2.394
3.7167,52.0,4.94,1.12,768.0,2.56,34.06,-118.34,3.273
4.6187,6.0,5.98639455782313,0.9650145772594753,2997.0,2.912536443148688,33.25,-117.25,2.05
6.1323,32.0,6.28951048951049,1.020979020979021,1846.0,2.581818181818182,37.59,-122.39,5.00001
4.0926,42.0,4.525114155251141,0.9817351598173516,717.0,3.2739726027397262,33.89,-118.09,1.644
2.8203,24.0,4.997840172786177,1.0107991360691144,1549.0,3.345572354211663,35.05,-120.48,1.526
5.3559,36.0,5.666666666666667,0.9812206572769953,683.0,3.2065727699530515,34.07,-117.93,2.073
2.3684,35.0,6.196078431372549,1.4509803921568627,221.0,2.1666666666666665,39.65,-121.24,0.625
5.8659,52.0,6.399317406143345,1.0341296928327646,735.0,2.508532423208191,34.11,-118.31,4.333
6.5006,16.0,7.445,1.0275,1531.0,3.8275,38.0,-122.25,2.377
3.0431,41.0,4.605475040257649,1.0982286634460547,1516.0,2.4412238325281805,34.2,-118.34,2.629
4.1115,35.0,4.908333333333333,0.9958333333333333,1659.0,3.45625,33.79,-117.98,1.797
2.8906,35.0,5.403141361256544,1.0837696335078535,954.0,4.994764397905759,34.08,-117.99,1.348
2.3846,32.0,2.801556420233463,1.034046692607004,3646.0,3.546692607003891,34.08,-118.3,2.583
3.475,6.0,6.352941176470588,1.0588235294117647,43.0,2.5294117647058822,33.53,-117.19,1.875
3.6083,38.0,5.684729064039409,1.0467980295566504,1272.0,3.1330049261083746,38.28,-122.29,1.342
2.6897,33.0,4.467661691542289,0.945273631840796,470.0,2.3383084577114426,38.62,-121.32,1.483
4.3833,6.0,7.562753036437247,1.1700404858299596,750.0,3.0364372469635628,33.56,-117.1,3.076
2.053,31.0,2.348333333333333,1.0433333333333332,4126.0,3.4383333333333335,34.05,-118.29,2.292
3.6833,33.0,6.102362204724409,1.0905511811023623,638.0,2.5118110236220472,37.91,-122.07,2.925
1.6444,16.0,3.217506631299735,1.0596816976127321,1505.0,1.9960212201591512,32.75,-117.1,1.034
5.0468,5.0,6.530330882352941,1.0505514705882353,3523.0,3.2380514705882355,37.98,-121.72,1.688
3.0139,39.0,5.175732217573222,1.0711297071129706,638.0,2.6694560669456067,36.63,-119.68,0.653
4.3397,21.0,5.373239436619718,1.0985915492957747,1588.0,2.795774647887324,33.86,-118.1,2.681
3.3393,15.0,5.777777777777778,1.0833333333333333,529.0,2.449074074074074,38.5,-120.93,1.072
4.4444,16.0,6.2555555555555555,0.9407407407407408,921.0,3.411111111111111,38.35,-122.69,1.918
4.3008,37.0,5.862686567164179,0.9402985074626866,915.0,2.7313432835820897,38.02,-121.33,1.198
3.1812,22.0,4.346590909090909,1.125,390.0,2.215909090909091,37.38,-121.95,0.875
3.1458,33.0,4.938775510204081,1.1428571428571428,351.0,2.3877551020408165,37.32,-121.95,2.705
4.0717,3.0,7.248285322359396,1.262002743484225,2703.0,3.707818930041152,33.8,-117.22,1.265
4.125,30.0,4.7178362573099415,1.0716374269005848,1260.0,1.8421052631578947,37.89,-122.12,2.571
2.978,41.0,4.01747572815534,1.0970873786407767,1859.0,1.8048543689320389,34.11,-118.27,3.068
2.8095,30.0,4.061633281972265,1.00462249614792,3412.0,5.257318952234207,33.82,-118.08,1.183
2.2596,40.0,3.6346604215456675,0.9812646370023419,1919.0,4.494145199063232,34.01,-118.16,1.375
4.7861,34.0,5.980997624703088,1.0190023752969122,1309.0,3.1092636579572446,33.91,-118.02,2.107
5.3625,7.0,5.97071129707113,1.0167364016736402,927.0,3.8786610878661087,32.93,-117.12,2.189
14.5833,24.0,5.613333333333333,0.8533333333333334,163.0,2.1733333333333333,37.92,-122.52,5.00001
2.6618,10.0,6.204081632653061,1.2551020408163265,1403.0,2.045189504373178,34.1,-116.32,0.81
5.1039,52.0,5.6280373831775705,1.0130841121495326,1303.0,2.4355140186915887,37.76,-122.23,2.738
2.1786,33.0,3.153409090909091,0.9375,612.0,3.477272727272727,33.13,-117.07,1.375
4.3523,17.0,6.681102362204724,1.0551181102362204,911.0,3.5866141732283463,32.99,-115.54,0.96
7.4001,25.0,5.900166389351082,0.9717138103161398,1530.0,2.545757071547421,34.06,-118.62,5.00001
4.6875,28.0,5.99738219895288,0.9712041884816754,1098.0,2.8743455497382198,32.82,-117.16,1.88
1.7075,29.0,5.313664596273292,1.1071428571428572,2775.0,4.309006211180124,32.71,-117.1,0.869
4.7568,12.0,6.446215139442231,1.0,1610.0,3.2071713147410357,33.92,-117.16,1.435
1.9946,52.0,4.475806451612903,1.086021505376344,815.0,2.1908602150537635,37.86,-122.29,1.569
2.3583,26.0,4.881987577639752,1.0434782608695652,494.0,3.0683229813664594,39.23,-123.2,1.054
10.0595,26.0,8.692307692307692,1.0769230769230769,573.0,3.1483516483516483,34.19,-118.9,5.00001
1.925,41.0,4.012422360248447,1.0372670807453417,1150.0,3.5714285714285716,34.03,-118.2,1.352
3.7312,31.0,4.635021097046414,1.0569620253164558,944.0,1.9915611814345993,34.16,-118.38,3.194
1.5,17.0,3.1972318339100347,1.0,609.0,2.1072664359861593,37.81,-122.28,1.625
5.308,33.0,5.712250712250713,1.1168091168091168,1043.0,2.9715099715099713,34.44,-119.15,2.979
4.1292,28.0,3.9095238095238094,1.0333333333333334,1575.0,3.75,33.82,-118.27,2.019
3.0122,16.0,4.7981330221703615,1.0268378063010501,2821.0,3.29171528588098,33.93,-117.46,1.147
1.6214,17.0,6.0,1.277258566978193,1054.0,3.283489096573209,37.33,-121.01,0.715
6.6155,20.0,6.106463878326996,1.0874524714828897,1064.0,2.0228136882129277,33.6,-117.87,5.00001
3.8086,25.0,4.608638743455497,1.1151832460732984,1524.0,1.9947643979057592,33.92,-118.42,3.613
4.877,6.0,4.782552083333333,1.1471354166666667,1846.0,2.4036458333333335,33.57,-117.71,1.443
0.9,52.0,2.237474262182567,1.0535346602608098,3260.0,2.237474262182567,37.8,-122.41,5.00001
2.1125,26.0,4.690821256038648,1.183574879227053,592.0,2.859903381642512,34.07,-117.32,0.84
7.4817,41.0,6.813901345291479,1.0807174887892377,973.0,2.181614349775785,34.14,-118.16,5.00001
2.6875,24.0,5.133858267716535,1.0616797900262467,1926.0,2.52755905511811,34.02,-117.06,1.163
4.7944,3.0,7.497267759562842,1.169398907103825,1223.0,3.341530054644809,33.61,-117.16,2.153
5.6817,20.0,4.936127744510978,0.9500998003992016,2228.0,4.447105788423154,37.32,-121.8,2.242
1.5817,20.0,7.190476190476191,1.5897435897435896,682.0,2.498168498168498,38.53,-119.44,0.978
1.8694,36.0,5.259904912836767,1.05229793977813,1492.0,2.364500792393027,41.73,-122.64,0.712
4.5673,26.0,6.294964028776978,1.0215827338129497,962.0,3.460431654676259,34.26,-118.76,1.904
1.9425,36.0,4.002816901408451,1.0338028169014084,1418.0,3.9943661971830986,32.69,-117.11,0.934
3.2308,39.0,4.478036175710594,1.1085271317829457,855.0,2.2093023255813953,34.03,-118.43,3.408
2.07,52.0,4.205387205387205,1.0336700336700337,1223.0,4.117845117845118,34.04,-118.2,1.363
3.5066,52.0,5.013921113689095,1.2621809744779582,904.0,2.097447795823666,37.79,-122.41,3.5
1.6776,32.0,3.8217391304347825,1.117391304347826,1057.0,4.595652173913043,33.97,-118.25,1.148
2.7598,10.0,4.895934959349593,1.205420054200542,5525.0,2.994579945799458,33.71,-116.24,0.95
4.2019,37.0,5.164658634538153,1.0240963855421688,1047.0,4.204819277108434,34.11,-117.9,1.401
4.6364,37.0,5.636363636363637,1.024793388429752,494.0,2.041322314049587,33.97,-118.4,4.563
3.7813,41.0,6.003787878787879,1.178030303030303,1091.0,2.066287878787879,37.9,-122.54,3.892
3.1217,37.0,5.179906542056075,1.0537383177570094,1019.0,2.380841121495327,38.4,-122.83,1.785
3.5288,16.0,12.368852459016393,2.1434426229508197,556.0,2.278688524590164,34.25,-116.9,1.897
4.0682,35.0,4.831775700934579,1.0093457943925233,391.0,3.6542056074766354,37.63,-122.08,1.569
5.4409,4.0,7.853351955307263,1.089385474860335,2429.0,3.392458100558659,37.99,-121.77,2.051
10.9405,31.0,8.540925266903914,1.0391459074733096,2428.0,2.8801897983392646,37.91,-122.18,5.00001
4.6625,11.0,5.232666666666667,1.1093333333333333,3561.0,2.374,34.25,-118.52,2.909
1.8611,42.0,4.751381215469613,1.0552486187845305,1069.0,2.953038674033149,38.64,-121.42,0.605
1.6343,38.0,3.670157068062827,0.9685863874345549,970.0,2.5392670157068062,38.63,-121.44,0.71
5.5124,34.0,3.9156626506024095,0.7228915662650602,433.0,5.216867469879518,34.26,-118.44,1.743
4.1875,35.0,5.474666666666667,0.984,1044.0,2.784,34.12,-118.06,2.754
6.1009,15.0,7.195652173913044,1.0608695652173914,1104.0,2.4,33.34,-117.19,3.144
3.6336,27.0,5.319630872483222,1.0813758389261745,2899.0,2.432046979865772,34.14,-117.98,2.352
3.8125,35.0,4.902985074626866,0.8805970149253731,328.0,2.4477611940298507,37.62,-122.04,2.042
2.7778,25.0,5.0990873533246415,1.106910039113429,1580.0,2.0599739243807043,32.77,-117.08,1.841
2.5197,15.0,3.8697318007662833,1.049808429118774,649.0,2.4865900383141764,33.67,-117.82,3.5
4.5347,12.0,6.504098360655738,1.0655737704918034,1590.0,3.2581967213114753,36.93,-119.88,1.012
3.6354,7.0,6.307152875175316,1.1654978962131837,2248.0,3.152875175315568,33.66,-116.31,0.98
6.1575,38.0,7.171974522292993,1.035031847133758,777.0,2.4745222929936306,36.8,-119.81,1.601
4.1,21.0,5.816031537450723,1.038107752956636,1856.0,2.4388961892247045,38.49,-121.51,1.583
6.6264,25.0,7.226993865030675,1.0122699386503067,937.0,2.874233128834356,33.78,-118.05,3.591
1.2091,39.0,4.282913165266106,1.0028011204481793,1154.0,3.2324929971988796,33.95,-118.27,0.979
3.7045,52.0,4.720430107526882,1.0,393.0,2.1129032258064515,37.5,-122.26,3.605
2.0549,44.0,3.8976833976833976,1.1872586872586872,1243.0,2.3996138996139,37.35,-121.89,1.938
4.9125,38.0,6.501766784452297,1.028268551236749,633.0,2.2367491166077738,32.73,-117.25,3.836
3.2027,11.0,5.276073619631902,1.0582822085889572,850.0,2.607361963190184,38.86,-120.92,1.286
3.6406,39.0,3.9328859060402683,0.9753914988814317,892.0,1.9955257270693512,34.11,-118.17,2.789
1.6875,17.0,11.30232558139535,2.2906976744186047,384.0,2.2325581395348837,40.29,-121.14,1.115
5.1061,26.0,6.714765100671141,1.0134228187919463,836.0,2.8053691275167787,33.78,-118.03,2.575
6.5799,10.0,5.383333333333334,0.8888888888888888,482.0,2.6777777777777776,38.29,-122.26,2.181
4.7778,52.0,5.269360269360269,1.0606060606060606,637.0,2.144781144781145,37.77,-122.26,3.518
1.3371,29.0,7.705128205128205,1.858974358974359,383.0,2.4551282051282053,34.2,-116.06,0.669
3.2159,23.0,5.576923076923077,1.0739644970414202,1056.0,3.1242603550295858,36.4,-119.1,0.928
5.3963,33.0,7.509394572025053,1.0835073068893528,1207.0,2.519832985386221,34.45,-119.61,5.00001
4.6786,52.0,4.642228739002933,1.0175953079178885,935.0,2.7419354838709675,37.73,-122.43,2.632
7.8347,45.0,7.251833740831296,1.0146699266503667,1231.0,3.0097799511002443,34.12,-118.09,5.00001
3.275,39.0,5.176056338028169,1.0985915492957747,1047.0,3.686619718309859,34.21,-118.35,1.814
3.1591,19.0,6.452132701421801,1.1033175355450238,2703.0,2.562085308056872,33.71,-116.91,1.897
2.5331,31.0,4.096676737160121,0.9788519637462235,1301.0,3.930513595166163,33.11,-117.08,1.151
3.8194,36.0,4.680851063829787,0.9414893617021277,795.0,4.2287234042553195,37.48,-122.12,1.594
4.0521,12.0,3.9623655913978495,0.978494623655914,1009.0,2.7123655913978495,32.93,-117.14,1.667
3.209,14.0,7.239942528735632,1.9727011494252873,1298.0,1.8649425287356323,33.14,-117.38,3.133
3.2426,26.0,5.489830508474577,1.0966101694915253,1529.0,2.5915254237288137,34.24,-118.58,2.369
4.2454,33.0,4.604206500956023,1.0210325047801148,1644.0,3.1434034416826004,33.88,-118.36,2.368
5.2586,17.0,6.945035460992908,1.1312056737588652,1809.0,3.2074468085106385,38.69,-121.26,1.37
2.8043,16.0,5.158227848101266,0.989451476793249,721.0,1.521097046413502,37.99,-122.06,0.875
0.7235,19.0,2.839622641509434,0.9551886792452831,844.0,1.990566037735849,34.1,-117.29,0.713
5.0362,19.0,4.491735537190083,1.0,1645.0,3.3987603305785123,37.44,-121.91,2.551
2.0644,24.0,5.763285024154589,1.3647342995169083,1058.0,2.5555555555555554,41.03,-123.76,0.798
0.9393,17.0,4.518469656992084,1.0910290237467017,2469.0,3.257255936675462,39.73,-121.85,0.889
5.1762,16.0,6.371389270976616,1.046767537826685,3038.0,4.178817056396149,34.01,-117.86,2.644
1.7344,47.0,4.384615384615385,0.9938461538461538,949.0,2.92,36.76,-119.78,0.513
5.121,25.0,5.353820598006645,1.0166112956810631,1529.0,2.5398671096345513,37.33,-121.98,2.876
5.3905,12.0,7.094972067039106,1.1368715083798884,1958.0,2.7346368715083798,33.08,-117.26,2.996
2.1273,24.0,4.035509736540664,1.1351660939289805,1775.0,2.0332187857961053,32.76,-117.14,1.423
6.4209,52.0,4.737171464330413,1.0112640801001251,1371.0,1.7158948685857323,37.79,-122.44,5.00001
2.5556,52.0,5.0227272727272725,0.98989898989899,985.0,2.4873737373737375,39.21,-122.01,0.758
5.246,11.0,7.290148448043185,1.0074224021592442,5221.0,3.5229419703103915,34.14,-117.38,1.614
4.375,35.0,5.173913043478261,1.0909090909090908,1113.0,4.399209486166008,34.05,-117.95,1.565
3.6583,13.0,6.309711286089239,1.1128608923884515,2568.0,3.37007874015748,38.52,-122.85,1.832
4.25,24.0,5.439899833055092,1.0676126878130217,3441.0,2.87228714524207,33.68,-117.96,1.521
3.5848,47.0,5.502923976608187,1.0555555555555556,797.0,2.3304093567251463,37.94,-122.33,1.408
